id,date,address,district,complex_name,rooms,area,price,floor,total_floors,building_year,condition,price_per_m2,floor_category,building_category
APT-0458,2026-08-11,"Учебная улица 1, дом 31, кв. 8",Есиль,Учебный ЖК 1-2,3,89.8,61700000,4,9,2003.0,Евроремонт,687082.4053452116,middle,business
APT-0082,2026-08-08,"Учебная улица 1, дом 6, кв. 7",Есиль,Учебный ЖК 1-1,2,56.0,30400000,2,18,1979.0,Без отделки,542857.1428571428,middle,comfort
APT-0170,2026-09-04,"Учебная улица 6, дом 12, кв. 5",Сарайшық,Не указан,3,70.9,33700000,2,12,1982.0,Евроремонт,475317.3483779971,middle,comfort
APT-0211,2026-07-20,"Учебная улица 5, дом 15, кв. 1",Байконыр,Не указан,2,57.6,25100000,11,22,1983.0,Евроремонт,435763.8888888889,middle,normal
APT-0309,2026-07-12,"Учебная улица 4, дом 21, кв. 9",Сарыарка,Не указан,1,28.4,11900000,3,16,1999.0,Хорошее,419014.08450704225,middle,normal
APT-0192,2026-08-10,"Учебная улица 1, дом 13, кв. 12",Есиль,Учебный ЖК 1-3,2,54.7,41800000,3,16,2020.0,Евроремонт,764168.1901279708,middle,business
APT-0369,2026-09-02,"Учебная улица 3, дом 25, кв. 9",Алматы,Не указан,2,60.3,32100000,14,16,1999.0,Евроремонт,532338.3084577115,middle,comfort
APT-0127,2026-09-15,"Учебная улица 2, дом 9, кв. 7",Нура,Учебный ЖК 2-1,1,36.5,23300000,6,9,1988.0,Евроремонт,638356.1643835617,middle,comfort
APT-0126,2026-07-17,"Учебная улица 2, дом 9, кв. 6",Нура,Учебный ЖК 2-3,3,81.8,47100000,1,5,2013.0,Евроремонт,575794.6210268949,first,comfort
APT-0232,2026-09-12,"Учебная улица 1, дом 16, кв. 7",Есиль,Учебный ЖК 1-1,2,51.5,31000000,9,16,1990.0,Евроремонт,601941.7475728155,middle,comfort
APT-0271,2026-07-30,"Учебная улица 5, дом 19, кв. 1",Байконыр,Учебный ЖК 5-2,4,97.0,40800000,9,22,1976.0,Евроремонт,420618.55670103093,middle,normal
APT-0243,2026-07-30,"Учебная улица 2, дом 17, кв. 3",Нура,Учебный ЖК 2-1,3,84.9,44700000,18,22,2004.0,Хорошее,526501.7667844523,middle,comfort
APT-0270,2026-08-13,"Учебная улица 1, дом 18, кв. 15",Есиль,Учебный ЖК 1-3,2,69.8,44100000,1,5,1997.0,Хорошее,631805.1575931233,first,comfort
APT-0480,2026-07-27,"Учебная улица 2, дом 32, кв. 15",Нура,Учебный ЖК 2-3,3,79.6,36700000,3,5,1989.0,Хорошее,461055.27638190956,middle,comfort
APT-0425,2026-08-31,"Учебная улица 6, дом 29, кв. 5",Сарайшық,Учебный ЖК 6-2,1,38.0,15600000,15,16,2003.0,Без отделки,410526.3157894737,middle,normal
APT-0428,2026-09-22,"Учебная улица 2, дом 29, кв. 8",Нура,Учебный ЖК 2-2,2,61.1,29300000,4,5,2003.0,Не указано,479541.7348608838,middle,comfort
APT-0189,2026-08-10,"Учебная улица 2, дом 13, кв. 9",Нура,Учебный ЖК 2-3,3,91.3,44700000,5,5,2023.0,Без отделки,489594.7426067908,last,comfort
APT-0327,2026-07-20,"Учебная улица 6, дом 22, кв. 12",Сарайшық,Не указан,2,55.2,32500000,5,5,1994.0,Евроремонт,588768.1159420289,last,comfort
APT-0446,2026-09-07,"Учебная улица 1, дом 30, кв. 11",Есиль,Учебный ЖК 1-2,3,82.0,53900000,14,16,2010.0,Хорошее,657317.0731707317,middle,business
APT-0049,2026-09-09,"Учебная улица 6, дом 4, кв. 4",Сарайшық,Учебный ЖК 6-1,2,65.8,29100000,6,22,1999.0,Хорошее,442249.24012158054,middle,normal
APT-0164,2026-07-10,"Учебная улица 2, дом 11, кв. 14",Нура,Учебный ЖК 2-2,2,51.1,23400000,7,16,2024.0,Без отделки,457925.63600782776,middle,comfort
APT-0064,2026-08-23,"Учебная улица 4, дом 5, кв. 4",Сарыарка,Учебный ЖК 4-2,2,53.6,22200000,6,12,2004.0,Евроремонт,414179.10447761195,middle,normal
APT-0484,2026-08-28,"Учебная улица 5, дом 1, кв. 14",Байконыр,Учебный ЖК 5-1,3,102.1,34500000,11,22,2024.0,Требует ремонта,337904.0156709109,middle,normal
APT-0391,2026-07-26,"Учебная улица 2, дом 27, кв. 1",Нура,Учебный ЖК 2-1,1,34.0,19100000,1,18,2024.0,Без отделки,561764.7058823529,first,comfort
APT-0163,2026-08-09,"Учебная улица 6, дом 11, кв. 13",Сарайшық,Учебный ЖК 6-1,3,109.9,45400000,4,5,2008.0,Хорошее,413102.8207461328,middle,normal
APT-0298,2026-09-21,"Учебная улица 5, дом 20, кв. 13",Байконыр,Учебный ЖК 5-1,1,39.0,15700000,6,16,1999.0,Хорошее,402564.10256410256,middle,normal
APT-0472,2026-09-27,"Учебная улица 1, дом 32, кв. 7",Есиль,Учебный ЖК 1-3,4,118.0,70800000,15,16,1995.0,Хорошее,600000.0,middle,comfort
APT-0410,2026-07-05,"Учебная улица 5, дом 28, кв. 5",Байконыр,Учебный ЖК 5-3,2,73.4,31900000,14,16,2002.0,Евроремонт,434604.9046321526,middle,normal
APT-0274,2026-09-10,"Учебная улица 4, дом 19, кв. 4",Сарыарка,Учебный ЖК 4-3,2,70.4,21200000,2,5,1992.0,Требует ремонта,301136.3636363636,middle,normal
APT-0213,2026-09-25,"Учебная улица 3, дом 15, кв. 3",Алматы,Не указан,2,50.7,24000000,8,12,2011.0,Евроремонт,473372.78106508875,middle,comfort
APT-0488,2026-09-09,"Учебная улица 6, дом 2, кв. 3",Сарайшық,Учебный ЖК 6-1,2,64.9,26100000,5,18,1979.0,Без отделки,402157.16486902925,middle,normal
APT-0319,2026-07-20,"Учебная улица 6, дом 22, кв. 4",Сарайшық,Учебный ЖК 6-2,1,35.0,15600000,8,9,2016.0,Хорошее,445714.28571428574,middle,normal
APT-0342,2026-09-20,"Учебная улица 6, дом 23, кв. 12",Сарайшық,Учебный ЖК 6-2,4,107.2,50900000,3,22,2004.0,Хорошее,474813.4328358209,middle,comfort
APT-0269,2026-09-27,"Учебная улица 4, дом 18, кв. 14",Сарыарка,Учебный ЖК 4-3,4,104.9,43500000,11,16,2011.0,Хорошее,414680.64823641564,middle,normal
APT-0150,2026-09-06,"Учебная улица 6, дом 10, кв. 15",Сарайшық,Учебный ЖК 6-1,4,99.9,41600000,4,16,1980.0,Без отделки,416416.4164164164,middle,normal
APT-0466,2026-08-20,"Учебная улица 4, дом 32, кв. 1",Сарыарка,Учебный ЖК 4-3,2,57.0,18600000,4,5,2017.0,Без отделки,326315.7894736842,middle,normal
APT-0234,2026-08-31,"Учебная улица 6, дом 16, кв. 9",Сарайшық,Учебный ЖК 6-1,1,33.3,15700000,10,12,1993.0,Без отделки,471471.47147147154,middle,comfort
APT-0063,2026-07-07,"Учебная улица 1, дом 5, кв. 3",Есиль,Учебный ЖК 1-2,4,98.1,48600000,14,22,1980.0,Без отделки,495412.8440366973,middle,comfort
APT-0028,2026-07-08,"Учебная улица 4, дом 2, кв. 13",Сарыарка,Учебный ЖК 4-3,3,71.0,23900000,16,18,2021.0,Без отделки,336619.71830985916,middle,normal
APT-0246,2026-09-12,"Учебная улица 5, дом 17, кв. 6",Байконыр,Не указан,1,37.2,14700000,2,5,2024.0,Хорошее,395161.2903225806,middle,normal
APT-0277,2026-08-02,"Учебная улица 3, дом 19, кв. 7",Алматы,Учебный ЖК 3-1,2,62.9,23500000,10,16,1992.0,Хорошее,373608.9030206677,middle,normal
APT-0099,2026-07-01,"Учебная улица 5, дом 7, кв. 9",Байконыр,Учебный ЖК 5-2,3,86.0,40500000,11,16,2024.0,Евроремонт,470930.23255813954,middle,comfort
APT-0454,2026-07-07,"Учебная улица 1, дом 31, кв. 4",Есиль,Учебный ЖК 1-3,2,56.0,28900000,1,9,2020.0,Без отделки,516071.4285714286,first,comfort
APT-0305,2026-07-27,"Учебная улица 6, дом 21, кв. 5",Сарайшық,Учебный ЖК 6-1,2,52.6,27500000,6,16,2015.0,Хорошее,522813.6882129277,middle,comfort
APT-0012,2026-09-26,"Учебная улица 5, дом 1, кв. 12",Байконыр,Не указан,2,50.0,17000000,1,5,2023.0,Без отделки,340000.0,first,normal
APT-0278,2026-07-01,"Учебная улица 6, дом 19, кв. 8",Сарайшық,Учебный ЖК 6-2,3,87.8,38000000,7,18,2013.0,Хорошее,432801.8223234624,middle,normal
APT-0344,2026-09-13,"Учебная улица 6, дом 23, кв. 14",Сарайшық,Учебный ЖК 6-1,2,64.5,22900000,4,12,2003.0,Требует ремонта,355038.7596899225,middle,normal
APT-0264,2026-09-11,"Учебная улица 3, дом 18, кв. 9",Алматы,Не указан,3,73.0,30100000,3,16,1992.0,Хорошее,412328.76712328766,middle,normal
APT-0029,2026-07-24,"Учебная улица 6, дом 2, кв. 14",Сарайшық,Не указан,2,60.0,23700000,6,16,2012.0,Требует ремонта,395000.0,middle,normal
APT-0352,2026-09-17,"Учебная улица 3, дом 24, кв. 7",Алматы,Не указан,1,35.1,13200000,5,12,1986.0,Хорошее,376068.37606837606,middle,normal
APT-0378,2026-07-11,"Учебная улица 2, дом 26, кв. 3",Нура,Учебный ЖК 2-3,3,89.0,57600000,2,5,2011.0,Евроремонт,647191.011235955,middle,comfort
APT-0107,2026-07-08,"Учебная улица 1, дом 8, кв. 2",Есиль,Учебный ЖК 1-2,3,82.9,45600000,10,22,1985.0,Евроремонт,550060.3136308806,middle,comfort
APT-0214,2026-09-22,"Учебная улица 4, дом 15, кв. 4",Сарыарка,Учебный ЖК 4-3,2,59.4,19300000,21,22,2025.0,Требует ремонта,324915.8249158249,middle,normal
APT-0153,2026-09-13,"Учебная улица 2, дом 11, кв. 3",Нура,Учебный ЖК 2-2,3,81.2,46800000,16,22,2024.0,Хорошее,576354.6798029556,middle,comfort
APT-0324,2026-08-16,"Учебная улица 1, дом 22, кв. 9",Есиль,Учебный ЖК 1-3,5,120.1,78700000,7,9,1995.0,Евроремонт,655287.2606161532,middle,business
APT-0331,2026-08-24,"Учебная улица 3, дом 23, кв. 1",Алматы,Учебный ЖК 3-2,1,45.7,18800000,4,22,1992.0,Евроремонт,411378.55579868704,middle,normal
APT-0023,2026-07-07,"Учебная улица 4, дом 2, кв. 8",Сарыарка,Не указан,1,27.9,9900000,4,5,1981.0,Хорошее,354838.7096774194,middle,normal
APT-0447,2026-07-21,"Учебная улица 4, дом 30, кв. 12",Сарыарка,Учебный ЖК 4-2,3,82.2,29100000,1,5,1984.0,Без отделки,354014.59854014596,first,normal
APT-0415,2026-09-07,"Учебная улица 6, дом 28, кв. 10",Сарайшық,Учебный ЖК 6-3,1,31.9,16200000,2,22,2020.0,Хорошее,507836.99059561134,middle,comfort
APT-0002,2026-07-26,"Учебная улица 4, дом 1, кв. 2",Сарыарка,Учебный ЖК 4-3,1,30.0,9500000,4,9,1980.0,Хорошее,316666.6666666667,middle,normal
APT-0238,2026-07-08,"Учебная улица 5, дом 16, кв. 13",Байконыр,Учебный ЖК 5-3,2,65.8,24900000,5,16,1978.0,Хорошее,378419.452887538,middle,normal
APT-0396,2026-08-09,"Учебная улица 4, дом 27, кв. 6",Сарыарка,Учебный ЖК 4-3,4,98.4,35800000,1,9,2016.0,Без отделки,363821.1382113821,first,normal
APT-0320,2026-08-19,"Учебная улица 5, дом 22, кв. 5",Байконыр,Не указан,3,83.8,26300000,1,5,1988.0,Без отделки,313842.4821002387,first,normal
APT-0169,2026-09-09,"Учебная улица 4, дом 12, кв. 4",Сарыарка,Учебный ЖК 4-1,4,113.9,46200000,1,12,1983.0,Хорошее,405618.9640035118,first,normal
APT-0095,2026-09-28,"Учебная улица 5, дом 7, кв. 5",Байконыр,Учебный ЖК 5-2,3,74.5,24600000,9,12,1988.0,Без отделки,330201.3422818792,middle,normal
APT-0390,2026-07-08,"Учебная улица 2, дом 26, кв. 15",Нура,Учебный ЖК 2-3,2,66.7,44600000,16,22,2001.0,Евроремонт,668665.6671664168,middle,business
APT-0037,2026-07-17,"Учебная улица 4, дом 3, кв. 7",Сарыарка,Учебный ЖК 4-3,2,62.2,19000000,9,16,2015.0,Требует ремонта,305466.23794212216,middle,normal
APT-0167,2026-08-30,"Учебная улица 6, дом 12, кв. 2",Сарайшық,Учебный ЖК 6-1,1,29.8,13800000,8,16,2022.0,Хорошее,463087.24832214764,middle,comfort
APT-0159,2026-08-19,"Учебная улица 1, дом 11, кв. 9",Есиль,Учебный ЖК 1-2,2,62.8,40900000,6,16,2003.0,Хорошее,651273.8853503185,middle,business
APT-0040,2026-08-22,"Учебная улица 2, дом 3, кв. 10",Нура,Не указан,3,91.4,63300000,3,5,2017.0,Не указано,692560.1750547045,middle,business
APT-0050,2026-07-28,"Учебная улица 3, дом 4, кв. 5",Алматы,Учебный ЖК 3-3,2,66.0,28000000,11,18,2002.0,Хорошее,424242.42424242425,middle,normal
APT-0165,2026-09-15,"Учебная улица 1, дом 11, кв. 15",Есиль,Учебный ЖК 1-2,2,47.3,32200000,3,5,2008.0,Евроремонт,680761.0993657506,middle,business
APT-0399,2026-09-22,"Учебная улица 6, дом 27, кв. 9",Сарайшық,Учебный ЖК 6-2,1,58.0,26800000,5,12,2015.0,Без отделки,462068.9655172414,middle,comfort
APT-0195,2026-09-12,"Учебная улица 5, дом 13, кв. 15",Байконыр,Учебный ЖК 5-1,4,115.4,51600000,16,22,2020.0,Хорошее,447140.3812824956,middle,normal
APT-0318,2026-07-18,"Учебная улица 1, дом 22, кв. 3",Есиль,Учебный ЖК 1-3,1,36.7,23100000,3,12,1998.0,Хорошее,629427.7929155313,middle,comfort
APT-0224,2026-09-30,"Учебная улица 2, дом 15, кв. 14",Нура,Учебный ЖК 2-2,1,30.4,13300000,4,9,2008.0,Требует ремонта,437500.0,middle,normal
APT-0216,2026-07-20,"Учебная улица 1, дом 15, кв. 6",Есиль,Учебный ЖК 1-2,2,62.9,29400000,2,5,2019.0,Требует ремонта,467408.58505564387,middle,comfort
APT-0156,2026-07-12,"Учебная улица 4, дом 11, кв. 6",Сарыарка,Учебный ЖК 4-3,1,38.2,16400000,2,12,1998.0,Хорошее,429319.37172774866,middle,normal
APT-0228,2026-09-08,"Учебная улица 1, дом 16, кв. 3",Есиль,Учебный ЖК 1-3,2,76.0,46300000,3,5,2013.0,Без отделки,609210.5263157894,middle,comfort
APT-0007,2026-07-10,"Учебная улица 3, дом 1, кв. 7",Алматы,Учебный ЖК 3-3,2,62.4,31400000,5,9,1997.0,Евроремонт,503205.1282051282,middle,comfort
APT-0439,2026-09-25,"Учебная улица 4, дом 30, кв. 4",Сарыарка,Учебный ЖК 4-3,1,38.3,12300000,4,5,1996.0,Требует ремонта,321148.8250652742,middle,normal
APT-0464,2026-09-18,"Учебная улица 4, дом 31, кв. 14",Сарыарка,Учебный ЖК 4-1,2,65.5,24600000,4,16,1976.0,Хорошее,375572.51908396947,middle,normal
APT-0288,2026-09-25,"Учебная улица 5, дом 20, кв. 3",Байконыр,Учебный ЖК 5-3,2,67.9,27300000,8,18,2019.0,Хорошее,402061.85567010305,middle,normal
APT-0166,2026-08-16,"Учебная улица 2, дом 12, кв. 1",Нура,Учебный ЖК 2-3,1,32.8,18000000,6,18,2003.0,Евроремонт,548780.4878048782,middle,comfort
APT-0251,2026-07-25,"Учебная улица 5, дом 17, кв. 11",Байконыр,Учебный ЖК 5-1,1,36.2,14800000,4,5,2016.0,Евроремонт,408839.7790055248,middle,normal
APT-0230,2026-07-23,"Учебная улица 6, дом 16, кв. 5",Сарайшық,Не указан,1,43.1,22700000,5,12,2022.0,Хорошее,526682.1345707657,middle,comfort
APT-0366,2026-09-17,"Учебная улица 4, дом 25, кв. 6",Сарыарка,Учебный ЖК 4-1,3,90.1,30600000,2,18,2024.0,Без отделки,339622.641509434,middle,normal
APT-0417,2026-08-08,"Учебная улица 4, дом 28, кв. 12",Сарыарка,Учебный ЖК 4-2,2,64.4,26300000,4,9,2019.0,Хорошее,408385.09316770185,middle,normal
APT-0120,2026-08-11,"Учебная улица 3, дом 8, кв. 15",Алматы,Учебный ЖК 3-3,1,36.9,17400000,1,16,1989.0,Хорошее,471544.7154471545,first,comfort
APT-0145,2026-07-29,"Учебная улица 5, дом 10, кв. 10",Байконыр,Учебный ЖК 5-2,1,30.1,11800000,16,18,2018.0,Хорошее,392026.5780730897,middle,normal
APT-0259,2026-09-08,"Учебная улица 4, дом 18, кв. 4",Сарыарка,Учебный ЖК 4-3,2,59.2,24300000,18,22,1983.0,Хорошее,410472.97297297296,middle,normal
APT-0085,2026-09-15,"Учебная улица 2, дом 6, кв. 10",Нура,Не указан,2,65.2,29000000,2,5,2010.0,Требует ремонта,444785.2760736196,middle,normal
APT-0463,2026-08-27,"Учебная улица 1, дом 31, кв. 13",Есиль,Учебный ЖК 1-3,1,38.7,23500000,8,18,1979.0,Евроремонт,607235.142118863,middle,comfort
APT-0201,2026-08-31,"Учебная улица 2, дом 14, кв. 6",Нура,Учебный ЖК 2-1,3,74.1,41100000,18,22,2006.0,Без отделки,554655.8704453441,middle,comfort
APT-0017,2026-07-11,"Учебная улица 3, дом 2, кв. 2",Алматы,Учебный ЖК 3-1,2,65.8,25600000,1,9,1994.0,Без отделки,389057.7507598784,first,normal
APT-0281,2026-08-16,"Учебная улица 6, дом 19, кв. 11",Сарайшық,Учебный ЖК 6-1,3,73.5,32900000,7,12,1990.0,Без отделки,447619.04761904763,middle,normal
APT-0024,2026-07-14,"Учебная улица 6, дом 2, кв. 9",Сарайшық,Учебный ЖК 6-1,5,133.4,73200000,4,5,2003.0,Евроремонт,548725.6371814093,middle,comfort
APT-0471,2026-08-06,"Учебная улица 1, дом 32, кв. 6",Есиль,Учебный ЖК 1-3,2,63.4,33800000,3,12,1996.0,Хорошее,533123.0283911672,middle,comfort
APT-0053,2026-09-22,"Учебная улица 1, дом 4, кв. 8",Есиль,Учебный ЖК 1-3,2,67.9,38000000,13,22,2003.0,Хорошее,559646.5390279823,middle,comfort
APT-0058,2026-08-19,"Учебная улица 3, дом 4, кв. 13",Алматы,Учебный ЖК 3-3,1,22.0,6900000,9,12,1996.0,Требует ремонта,313636.36363636365,middle,normal
APT-0155,2026-08-09,"Учебная улица 2, дом 11, кв. 5",Нура,Учебный ЖК 2-2,2,48.9,22800000,10,12,2025.0,Требует ремонта,466257.6687116565,middle,comfort
APT-0076,2026-08-30,"Учебная улица 1, дом 6, кв. 1",Есиль,Не указан,1,41.5,24100000,8,16,1989.0,Хорошее,580722.891566265,middle,comfort
APT-0202,2026-08-29,"Учебная улица 6, дом 14, кв. 7",Сарайшық,Учебный ЖК 6-1,2,65.7,27400000,1,5,2004.0,Без отделки,417047.1841704718,first,normal
APT-0443,2026-09-04,"Учебная улица 3, дом 30, кв. 8",Алматы,Учебный ЖК 3-2,2,56.3,25900000,7,9,1983.0,Хорошее,460035.5239786856,middle,comfort
APT-0341,2026-09-05,"Учебная улица 4, дом 23, кв. 11",Сарыарка,Учебный ЖК 4-2,4,112.4,52300000,1,5,1992.0,Евроремонт,465302.4911032028,first,comfort
APT-0255,2026-08-30,"Учебная улица 4, дом 17, кв. 15",Сарыарка,Учебный ЖК 4-2,2,55.9,23000000,16,18,1998.0,Хорошее,411449.0161001789,middle,normal
APT-0476,2026-09-14,"Учебная улица 6, дом 32, кв. 11",Сарайшық,Учебный ЖК 6-1,1,45.8,23500000,1,18,1976.0,Евроремонт,513100.43668122275,first,comfort
APT-0152,2026-07-23,"Учебная улица 3, дом 11, кв. 2",Алматы,Учебный ЖК 3-3,2,54.3,18400000,4,9,2016.0,Требует ремонта,338858.19521178637,middle,normal
APT-0416,2026-09-27,"Учебная улица 1, дом 28, кв. 11",Есиль,Не указан,2,59.9,28700000,4,22,1978.0,Хорошее,479131.8864774624,middle,comfort
APT-0078,2026-08-05,"Учебная улица 2, дом 6, кв. 3",Нура,Учебный ЖК 2-3,2,59.8,32400000,6,18,2022.0,Без отделки,541806.0200668897,middle,comfort
APT-0374,2026-07-20,"Учебная улица 3, дом 25, кв. 14",Алматы,Учебный ЖК 3-1,2,78.9,35700000,4,5,1981.0,Хорошее,452471.4828897338,middle,comfort
APT-0140,2026-09-27,"Учебная улица 4, дом 10, кв. 5",Сарыарка,Учебный ЖК 4-2,3,91.6,33500000,18,18,2024.0,Требует ремонта,365720.5240174673,last,normal
APT-0459,2026-07-06,"Учебная улица 1, дом 31, кв. 9",Есиль,Учебный ЖК 1-2,2,53.7,34900000,9,12,2008.0,Евроремонт,649906.8901303537,middle,comfort
APT-0245,2026-08-26,"Учебная улица 2, дом 17, кв. 5",Нура,Учебный ЖК 2-1,1,37.7,16400000,2,22,2013.0,Без отделки,435013.26259946945,middle,normal
APT-0302,2026-09-08,"Учебная улица 5, дом 21, кв. 2",Байконыр,Учебный ЖК 5-2,3,78.3,30700000,4,16,2024.0,Хорошее,392081.73690932314,middle,normal
APT-0389,2026-09-21,"Учебная улица 1, дом 26, кв. 14",Есиль,Учебный ЖК 1-1,4,108.9,58000000,11,16,2022.0,Без отделки,532598.7144168962,middle,comfort
APT-0044,2026-09-07,"Учебная улица 1, дом 3, кв. 14",Есиль,Не указан,4,109.7,65800000,11,12,1992.0,Хорошее,599817.6845943482,middle,comfort
APT-0250,2026-08-23,"Учебная улица 2, дом 17, кв. 10",Нура,Учебный ЖК 2-3,2,58.1,37200000,8,9,2020.0,Не указано,640275.387263339,middle,comfort
APT-0011,2026-07-29,"Учебная улица 3, дом 1, кв. 11",Алматы,Учебный ЖК 3-1,1,35.7,17400000,14,18,2022.0,Евроремонт,487394.9579831932,middle,comfort
APT-0010,2026-08-28,"Учебная улица 5, дом 1, кв. 10",Байконыр,Не указан,3,96.2,42500000,8,9,1995.0,Хорошее,441787.9417879418,middle,normal
APT-0117,2026-08-29,"Учебная улица 5, дом 8, кв. 12",Байконыр,Учебный ЖК 5-1,4,111.0,54500000,12,12,2005.0,Евроремонт,490990.990990991,last,comfort
APT-0339,2026-09-27,"Учебная улица 5, дом 23, кв. 9",Байконыр,Не указан,3,84.0,34900000,2,5,2001.0,Хорошее,415476.1904761905,middle,normal
APT-0429,2026-08-13,"Учебная улица 1, дом 29, кв. 9",Есиль,Учебный ЖК 1-3,3,78.0,46900000,19,22,2011.0,Без отделки,601282.0512820513,middle,comfort
APT-0372,2026-09-16,"Учебная улица 5, дом 25, кв. 12",Байконыр,Учебный ЖК 5-2,5,131.1,55200000,1,22,2005.0,Хорошее,421052.63157894736,first,normal
APT-0079,2026-07-02,"Учебная улица 5, дом 6, кв. 4",Байконыр,Учебный ЖК 5-3,4,101.6,32000000,5,9,1981.0,Без отделки,314960.6299212599,middle,normal
APT-0172,2026-07-19,"Учебная улица 1, дом 12, кв. 7",Есиль,Учебный ЖК 1-1,2,52.1,33600000,2,12,1976.0,Евроремонт,644913.6276391555,middle,comfort
APT-0345,2026-08-09,"Учебная улица 2, дом 23, кв. 15",Нура,Учебный ЖК 2-2,1,29.4,15700000,12,18,1982.0,Евроремонт,534013.6054421769,middle,comfort
APT-0398,2026-08-06,"Учебная улица 4, дом 27, кв. 8",Сарыарка,Учебный ЖК 4-2,2,63.6,23600000,12,18,1975.0,Хорошее,371069.1823899371,middle,normal
APT-0043,2026-08-12,"Учебная улица 2, дом 3, кв. 13",Нура,Учебный ЖК 2-2,3,77.4,32900000,4,9,2025.0,Требует ремонта,425064.5994832041,middle,normal
APT-0272,2026-08-01,"Учебная улица 5, дом 19, кв. 2",Байконыр,Учебный ЖК 5-3,4,116.3,39600000,7,9,2002.0,Требует ремонта,340498.7102321582,middle,normal
APT-0373,2026-08-03,"Учебная улица 2, дом 25, кв. 13",Нура,Не указан,1,25.4,16400000,18,22,2001.0,Евроремонт,645669.2913385828,middle,comfort
APT-0074,2026-08-05,"Учебная улица 4, дом 5, кв. 14",Сарыарка,Не указан,1,44.6,19700000,5,12,1991.0,Евроремонт,441704.03587443946,middle,normal
APT-0455,2026-07-29,"Учебная улица 5, дом 31, кв. 5",Байконыр,Учебный ЖК 5-1,3,79.5,34500000,2,12,2010.0,Не указано,433962.2641509434,middle,normal
APT-0021,2026-08-12,"Учебная улица 5, дом 2, кв. 6",Байконыр,Не указан,1,36.6,10700000,2,5,2003.0,Требует ремонта,292349.7267759563,middle,normal
APT-0115,2026-07-12,"Учебная улица 2, дом 8, кв. 10",Нура,Учебный ЖК 2-2,3,93.5,53100000,2,16,1994.0,Не указано,567914.4385026738,middle,comfort
APT-0171,2026-07-31,"Учебная улица 4, дом 12, кв. 6",Сарыарка,Учебный ЖК 4-2,1,48.5,15000000,4,5,1997.0,Требует ремонта,309278.3505154639,middle,normal
APT-0131,2026-08-31,"Учебная улица 5, дом 9, кв. 11",Байконыр,Учебный ЖК 5-2,1,39.3,13900000,8,12,2008.0,Хорошее,353689.5674300255,middle,normal
APT-0222,2026-08-02,"Учебная улица 2, дом 15, кв. 12",Нура,Учебный ЖК 2-3,2,54.9,28800000,3,22,1993.0,Хорошее,524590.1639344263,middle,comfort
APT-0091,2026-08-05,"Учебная улица 1, дом 7, кв. 1",Есиль,Учебный ЖК 1-1,5,129.0,70200000,8,9,1977.0,Хорошее,544186.0465116279,middle,comfort
APT-0073,2026-08-11,"Учебная улица 2, дом 5, кв. 13",Нура,Учебный ЖК 2-1,3,98.1,51800000,13,16,1990.0,Хорошее,528032.619775739,middle,comfort
APT-0237,2026-09-01,"Учебная улица 2, дом 16, кв. 12",Нура,Учебный ЖК 2-1,2,64.2,37400000,4,16,2008.0,Хорошее,582554.5171339563,middle,comfort
APT-0465,2026-07-12,"Учебная улица 6, дом 31, кв. 15",Сарайшық,Учебный ЖК 6-2,2,59.1,29800000,3,5,2003.0,Не указано,504230.1184433164,middle,comfort
APT-0184,2026-09-16,"Учебная улица 3, дом 13, кв. 4",Алматы,Учебный ЖК 3-1,4,120.4,52000000,2,12,2008.0,Евроремонт,431893.68770764116,middle,normal
APT-0335,2026-08-17,"Учебная улица 6, дом 23, кв. 5",Сарайшық,Учебный ЖК 6-1,3,77.8,29100000,11,22,2003.0,Не указано,374035.9897172237,middle,normal
APT-0032,2026-07-10,"Учебная улица 4, дом 3, кв. 2",Сарыарка,Учебный ЖК 4-1,1,41.1,17300000,8,12,2016.0,Хорошее,420924.57420924574,middle,normal
APT-0323,2026-07-10,"Учебная улица 6, дом 22, кв. 8",Сарайшық,Не указан,1,51.9,23100000,4,16,2006.0,Без отделки,445086.70520231215,middle,normal
APT-0384,2026-07-20,"Учебная улица 1, дом 26, кв. 9",Есиль,Учебный ЖК 1-1,3,69.6,41400000,17,18,2014.0,Евроремонт,594827.5862068966,middle,comfort
APT-0409,2026-07-12,"Учебная улица 1, дом 28, кв. 4",Есиль,Учебный ЖК 1-1,1,34.0,20500000,6,18,1985.0,Хорошее,602941.1764705882,middle,comfort
APT-0160,2026-09-10,"Учебная улица 3, дом 11, кв. 10",Алматы,Учебный ЖК 3-3,3,89.3,35000000,21,22,1978.0,Хорошее,391937.29003359465,middle,normal
APT-0187,2026-08-26,"Учебная улица 6, дом 13, кв. 7",Сарайшық,Учебный ЖК 6-1,3,74.6,33700000,1,9,2018.0,Без отделки,451742.6273458445,first,comfort
APT-0168,2026-09-03,"Учебная улица 3, дом 12, кв. 3",Алматы,Учебный ЖК 3-3,3,86.3,45800000,15,16,2011.0,Евроремонт,530706.8366164543,middle,comfort
APT-0154,2026-09-19,"Учебная улица 6, дом 11, кв. 4",Сарайшық,Учебный ЖК 6-2,4,103.9,53100000,21,22,2011.0,Евроремонт,511068.3349374398,middle,comfort
APT-0240,2026-07-18,"Учебная улица 1, дом 16, кв. 15",Есиль,Учебный ЖК 1-3,2,61.6,27300000,4,5,1978.0,Требует ремонта,443181.8181818182,middle,normal
APT-0473,2026-09-30,"Учебная улица 2, дом 32, кв. 8",Нура,Не указан,2,55.4,32400000,1,9,2002.0,Хорошее,584837.5451263539,first,comfort
APT-0086,2026-09-26,"Учебная улица 3, дом 6, кв. 11",Алматы,Не указан,1,38.9,18200000,10,22,1993.0,Евроремонт,467866.323907455,middle,comfort
APT-0198,2026-09-09,"Учебная улица 6, дом 14, кв. 3",Сарайшық,Не указан,1,31.8,14200000,2,12,2008.0,Без отделки,446540.88050314464,middle,normal
APT-0025,2026-09-09,"Учебная улица 2, дом 2, кв. 10",Нура,Учебный ЖК 2-1,1,28.1,14700000,8,16,1992.0,Евроремонт,523131.67259786476,middle,comfort
APT-0400,2026-09-15,"Учебная улица 2, дом 27, кв. 10",Нура,Учебный ЖК 2-2,1,45.3,31100000,1,9,2023.0,Евроремонт,686534.2163355409,first,business
APT-0066,2026-09-11,"Учебная улица 2, дом 5, кв. 6",Нура,Не указан,3,81.4,42600000,4,9,2014.0,Без отделки,523341.5233415233,middle,comfort
APT-0056,2026-07-21,"Учебная улица 4, дом 4, кв. 11",Сарыарка,Учебный ЖК 4-3,3,99.5,44700000,14,18,2021.0,Евроремонт,449246.2311557789,middle,normal
APT-0016,2026-07-01,"Учебная улица 5, дом 2, кв. 1",Байконыр,Учебный ЖК 5-3,1,45.4,22700000,9,9,1998.0,Евроремонт,500000.0,last,comfort
APT-0042,2026-08-30,"Учебная улица 6, дом 3, кв. 12",Сарайшық,Учебный ЖК 6-1,3,77.2,31100000,2,9,1992.0,Хорошее,402849.7409326425,middle,normal
APT-0325,2026-07-06,"Учебная улица 6, дом 22, кв. 10",Сарайшық,Учебный ЖК 6-1,1,22.0,7600000,5,5,2003.0,Требует ремонта,345454.54545454547,last,normal
APT-0102,2026-09-22,"Учебная улица 3, дом 7, кв. 12",Алматы,Учебный ЖК 3-1,3,81.6,44200000,13,16,2020.0,Евроремонт,541666.6666666667,middle,comfort
APT-0013,2026-07-15,"Учебная улица 5, дом 1, кв. 13",Байконыр,Учебный ЖК 5-3,1,22.0,8600000,9,12,2008.0,Евроремонт,390909.0909090909,middle,normal
APT-0461,2026-09-28,"Учебная улица 1, дом 31, кв. 11",Есиль,Учебный ЖК 1-3,3,86.8,50500000,14,22,1988.0,Евроремонт,581797.2350230415,middle,comfort
APT-0257,2026-08-01,"Учебная улица 5, дом 18, кв. 2",Байконыр,Учебный ЖК 5-2,4,100.7,35800000,6,9,1984.0,Не указано,355511.4200595829,middle,normal
APT-0065,2026-07-04,"Учебная улица 1, дом 5, кв. 5",Есиль,Учебный ЖК 1-1,2,60.0,40400000,2,9,1997.0,Евроремонт,673333.3333333334,middle,business
APT-0077,2026-07-16,"Учебная улица 5, дом 6, кв. 2",Байконыр,Не указан,2,70.1,23300000,15,22,1997.0,Без отделки,332382.31098430813,middle,normal
APT-0316,2026-09-14,"Учебная улица 4, дом 22, кв. 1",Сарыарка,Учебный ЖК 4-1,3,89.9,28200000,1,5,2020.0,Без отделки,313681.8687430478,first,normal
APT-0231,2026-08-11,"Учебная улица 6, дом 16, кв. 6",Сарайшық,Учебный ЖК 6-1,4,112.5,41100000,4,16,1980.0,Без отделки,365333.3333333333,middle,normal
APT-0137,2026-08-22,"Учебная улица 1, дом 10, кв. 2",Есиль,Учебный ЖК 1-2,3,81.1,47100000,18,18,1978.0,Хорошее,580764.4882860666,last,comfort
APT-0340,2026-07-31,"Учебная улица 3, дом 23, кв. 10",Алматы,Учебный ЖК 3-2,1,36.9,13600000,10,16,2017.0,Требует ремонта,368563.68563685636,middle,normal
APT-0376,2026-09-23,"Учебная улица 3, дом 26, кв. 1",Алматы,Учебный ЖК 3-2,4,115.8,55900000,3,5,2005.0,Евроремонт,482728.8428324698,middle,comfort
APT-0440,2026-07-07,"Учебная улица 1, дом 30, кв. 5",Есиль,Учебный ЖК 1-3,3,79.4,44700000,5,16,2003.0,Евроремонт,562972.2921914357,middle,comfort
APT-0420,2026-08-31,"Учебная улица 6, дом 28, кв. 15",Сарайшық,Учебный ЖК 6-2,2,73.7,30800000,5,5,1985.0,Хорошее,417910.447761194,last,normal
APT-0249,2026-08-30,"Учебная улица 6, дом 17, кв. 9",Сарайшық,Учебный ЖК 6-1,2,47.8,24100000,5,9,2001.0,Хорошее,504184.1004184101,middle,comfort
APT-0406,2026-08-18,"Учебная улица 5, дом 28, кв. 1",Байконыр,Учебный ЖК 5-3,4,103.0,43500000,7,16,2003.0,Не указано,422330.0970873786,middle,normal
APT-0433,2026-08-10,"Учебная улица 5, дом 29, кв. 13",Байконыр,Учебный ЖК 5-1,3,79.2,26200000,15,16,2004.0,Требует ремонта,330808.0808080808,middle,normal
APT-0122,2026-09-28,"Учебная улица 4, дом 9, кв. 2",Сарыарка,Учебный ЖК 4-3,1,29.3,10500000,5,18,1990.0,Хорошее,358361.7747440273,middle,normal
APT-0291,2026-09-25,"Учебная улица 6, дом 20, кв. 6",Сарайшық,Учебный ЖК 6-1,2,62.2,35500000,1,5,2020.0,Евроремонт,570739.5498392283,first,comfort
APT-0330,2026-09-05,"Учебная улица 1, дом 22, кв. 15",Есиль,Не указан,3,88.4,50900000,2,5,2019.0,Хорошее,575791.8552036199,middle,comfort
APT-0051,2026-08-12,"Учебная улица 4, дом 4, кв. 6",Сарыарка,Учебный ЖК 4-1,3,96.6,39400000,3,5,2017.0,Хорошее,407867.4948240166,middle,normal
APT-0385,2026-08-14,"Учебная улица 5, дом 26, кв. 10",Байконыр,Учебный ЖК 5-2,2,61.0,29000000,4,18,1981.0,Евроремонт,475409.8360655738,middle,comfort
APT-0111,2026-08-18,"Учебная улица 3, дом 8, кв. 6",Алматы,Не указан,3,78.6,33300000,7,9,1994.0,Евроремонт,423664.1221374046,middle,normal
APT-0143,2026-09-18,"Учебная улица 3, дом 10, кв. 8",Алматы,Учебный ЖК 3-1,1,33.3,14800000,3,18,2011.0,Евроремонт,444444.4444444445,middle,normal
APT-0215,2026-09-26,"Учебная улица 5, дом 15, кв. 5",Байконыр,Учебный ЖК 5-1,1,44.7,19700000,20,22,2008.0,Евроремонт,440715.8836689038,middle,normal
APT-0070,2026-08-23,"Учебная улица 3, дом 5, кв. 10",Алматы,Учебный ЖК 3-2,2,72.4,30800000,2,12,2017.0,Хорошее,425414.3646408839,middle,normal
APT-0368,2026-09-27,"Учебная улица 6, дом 25, кв. 8",Сарайшық,Не указан,3,82.3,30400000,8,12,2021.0,Требует ремонта,369380.31591737544,middle,normal
APT-0407,2026-08-28,"Учебная улица 3, дом 28, кв. 2",Алматы,Не указан,2,63.1,32900000,7,12,1987.0,Евроремонт,521394.6117274168,middle,comfort
APT-0059,2026-08-19,"Учебная улица 2, дом 4, кв. 14",Нура,Не указан,3,91.5,45100000,14,16,2009.0,Требует ремонта,492896.174863388,middle,comfort
APT-0239,2026-08-14,"Учебная улица 4, дом 16, кв. 14",Сарыарка,Учебный ЖК 4-3,3,83.4,27200000,2,5,1991.0,Хорошее,326139.0887290168,middle,normal
APT-0427,2026-09-26,"Учебная улица 4, дом 29, кв. 7",Сарыарка,Не указан,4,97.7,43100000,7,9,2003.0,Евроремонт,441146.3664278403,middle,normal
APT-0034,2026-09-22,"Учебная улица 3, дом 3, кв. 4",Алматы,Учебный ЖК 3-3,2,58.6,28800000,10,18,2003.0,Хорошее,491467.5767918089,middle,comfort
APT-0380,2026-09-30,"Учебная улица 6, дом 26, кв. 5",Сарайшық,Учебный ЖК 6-1,3,90.9,38100000,8,18,2003.0,Хорошее,419141.91419141914,middle,normal
APT-0419,2026-07-26,"Учебная улица 6, дом 28, кв. 14",Сарайшық,Не указан,3,81.1,47200000,4,9,2006.0,Не указано,581997.5339087547,middle,comfort
APT-0431,2026-08-30,"Учебная улица 6, дом 29, кв. 11",Сарайшық,Учебный ЖК 6-2,3,92.9,40600000,1,5,2014.0,Хорошее,437029.0635091496,first,normal
APT-0072,2026-08-04,"Учебная улица 5, дом 5, кв. 12",Байконыр,Учебный ЖК 5-2,3,96.8,42000000,15,16,2009.0,Не указано,433884.29752066114,middle,normal
APT-0280,2026-08-10,"Учебная улица 3, дом 19, кв. 10",Алматы,Учебный ЖК 3-2,2,70.9,35800000,8,9,2019.0,Хорошее,504936.5303244005,middle,comfort
APT-0477,2026-09-14,"Учебная улица 1, дом 32, кв. 12",Есиль,Учебный ЖК 1-3,2,31.9,17200000,5,22,2005.0,Хорошее,539184.9529780565,middle,comfort
APT-0096,2026-07-02,"Учебная улица 1, дом 7, кв. 6",Есиль,Не указан,1,26.4,16700000,8,18,2015.0,Евроремонт,632575.7575757576,middle,comfort
APT-0386,2026-07-19,"Учебная улица 3, дом 26, кв. 11",Алматы,Учебный ЖК 3-3,2,41.1,13700000,16,18,2006.0,Требует ремонта,333333.3333333333,middle,normal
APT-0180,2026-07-09,"Учебная улица 2, дом 12, кв. 15",Нура,Учебный ЖК 2-3,3,72.8,44300000,16,16,2018.0,Хорошее,608516.4835164836,last,comfort
APT-0108,2026-07-24,"Учебная улица 3, дом 8, кв. 3",Алматы,Не указан,2,56.5,24700000,9,9,1984.0,Хорошее,437168.14159292035,last,normal
APT-0226,2026-07-05,"Учебная улица 3, дом 16, кв. 1",Алматы,Учебный ЖК 3-1,3,99.7,43100000,5,5,2024.0,Не указано,432296.890672016,last,normal
APT-0317,2026-07-12,"Учебная улица 5, дом 22, кв. 2",Байконыр,Учебный ЖК 5-3,3,96.3,34300000,5,16,1982.0,Хорошее,356178.60851505713,middle,normal
APT-0273,2026-07-01,"Учебная улица 1, дом 19, кв. 3",Есиль,Учебный ЖК 1-2,1,43.1,22900000,7,9,2015.0,Хорошее,531322.5058004641,middle,comfort
APT-0218,2026-09-08,"Учебная улица 6, дом 15, кв. 8",Сарайшық,Учебный ЖК 6-2,2,59.9,28400000,3,12,1999.0,Хорошее,474123.53923205344,middle,comfort
APT-0329,2026-07-23,"Учебная улица 2, дом 22, кв. 14",Нура,Учебный ЖК 2-1,1,43.3,25200000,2,18,2004.0,Хорошее,581986.143187067,middle,comfort
APT-0088,2026-08-06,"Учебная улица 1, дом 6, кв. 13",Есиль,Не указан,1,27.7,19300000,10,12,2025.0,Евроремонт,696750.9025270758,middle,business
APT-0220,2026-08-10,"Учебная улица 3, дом 15, кв. 10",Алматы,Учебный ЖК 3-2,1,24.7,10000000,12,12,1994.0,Без отделки,404858.2995951417,last,normal
APT-0069,2026-09-11,"Учебная улица 6, дом 5, кв. 9",Сарайшық,Не указан,3,84.6,47600000,20,22,1994.0,Евроремонт,562647.7541371159,middle,comfort
APT-0436,2026-08-27,"Учебная улица 4, дом 30, кв. 1",Сарыарка,Учебный ЖК 4-1,2,47.2,20200000,16,18,2024.0,Евроремонт,427966.1016949152,middle,normal
APT-0068,2026-07-10,"Учебная улица 5, дом 5, кв. 8",Байконыр,Не указан,1,31.2,13100000,13,18,1994.0,Хорошее,419871.7948717949,middle,normal
APT-0333,2026-07-06,"Учебная улица 5, дом 23, кв. 3",Байконыр,Учебный ЖК 5-1,1,43.6,16100000,4,22,2003.0,Без отделки,369266.05504587153,middle,normal
APT-0294,2026-07-14,"Учебная улица 1, дом 20, кв. 9",Есиль,Не указан,3,94.8,52700000,12,12,1988.0,Евроремонт,555907.1729957806,last,comfort
APT-0067,2026-08-09,"Учебная улица 4, дом 5, кв. 7",Сарыарка,Учебный ЖК 4-1,3,84.5,33400000,4,22,2013.0,Евроремонт,395266.2721893491,middle,normal
APT-0157,2026-09-22,"Учебная улица 5, дом 11, кв. 7",Байконыр,Учебный ЖК 5-1,2,50.1,22900000,2,22,2025.0,Хорошее,457085.82834331336,middle,comfort
APT-0093,2026-08-11,"Учебная улица 2, дом 7, кв. 3",Нура,Не указан,2,57.7,29500000,2,18,2000.0,Хорошее,511265.16464471404,middle,comfort
APT-0084,2026-07-27,"Учебная улица 5, дом 6, кв. 9",Байконыр,Учебный ЖК 5-3,5,121.1,51100000,2,18,1994.0,Хорошее,421965.31791907514,middle,normal
APT-0026,2026-07-22,"Учебная улица 1, дом 2, кв. 11",Есиль,Учебный ЖК 1-2,3,86.7,62900000,1,5,2009.0,Евроремонт,725490.1960784313,first,business
APT-0149,2026-09-18,"Учебная улица 4, дом 10, кв. 14",Сарыарка,Учебный ЖК 4-2,2,57.9,21600000,1,16,1982.0,Евроремонт,373056.99481865286,first,normal
APT-0350,2026-07-17,"Учебная улица 5, дом 24, кв. 5",Байконыр,Учебный ЖК 5-1,2,54.4,19500000,1,5,1979.0,Без отделки,358455.8823529412,first,normal
APT-0054,2026-09-28,"Учебная улица 1, дом 4, кв. 9",Есиль,Учебный ЖК 1-3,4,101.1,60000000,4,5,2024.0,Без отделки,593471.8100890208,middle,comfort
APT-0173,2026-07-11,"Учебная улица 1, дом 12, кв. 8",Есиль,Учебный ЖК 1-1,2,65.9,31800000,16,22,1983.0,Хорошее,482549.31714719266,middle,comfort
APT-0354,2026-09-30,"Учебная улица 6, дом 24, кв. 9",Сарайшық,Учебный ЖК 6-2,4,115.9,70500000,9,9,2008.0,Евроремонт,608283.0025884383,last,comfort
APT-0382,2026-07-19,"Учебная улица 2, дом 26, кв. 7",Нура,Учебный ЖК 2-3,1,34.9,18600000,4,5,2002.0,Без отделки,532951.2893982808,middle,comfort
APT-0444,2026-09-18,"Учебная улица 6, дом 30, кв. 9",Сарайшық,Учебный ЖК 6-3,2,65.6,28000000,18,22,1995.0,Хорошее,426829.26829268294,middle,normal
APT-0313,2026-08-28,"Учебная улица 6, дом 21, кв. 13",Сарайшық,Учебный ЖК 6-1,3,94.8,45500000,1,5,2004.0,Евроремонт,479957.805907173,first,comfort
APT-0408,2026-08-10,"Учебная улица 3, дом 28, кв. 3",Алматы,Учебный ЖК 3-3,3,80.7,38300000,4,5,1986.0,Хорошее,474597.2738537794,middle,comfort
APT-0370,2026-07-05,"Учебная улица 3, дом 25, кв. 10",Алматы,Учебный ЖК 3-2,2,60.3,19800000,8,16,1981.0,Без отделки,328358.2089552239,middle,normal
APT-0031,2026-07-31,"Учебная улица 1, дом 3, кв. 1",Есиль,Учебный ЖК 1-2,3,74.7,42000000,5,12,2008.0,Без отделки,562248.9959839358,middle,comfort
APT-0347,2026-07-23,"Учебная улица 3, дом 24, кв. 2",Алматы,Учебный ЖК 3-1,1,30.9,12400000,2,18,2000.0,Хорошее,401294.498381877,middle,normal
APT-0363,2026-08-25,"Учебная улица 6, дом 25, кв. 3",Сарайшық,Учебный ЖК 6-3,4,105.1,58200000,3,12,1994.0,Евроремонт,553758.3254043768,middle,comfort
APT-0199,2026-09-16,"Учебная улица 2, дом 14, кв. 4",Нура,Учебный ЖК 2-2,3,81.3,42200000,3,9,2003.0,Без отделки,519065.19065190654,middle,comfort
APT-0292,2026-08-29,"Учебная улица 6, дом 20, кв. 7",Сарайшық,Учебный ЖК 6-1,1,37.0,16600000,6,18,2003.0,Хорошее,448648.64864864864,middle,normal
APT-0221,2026-08-20,"Учебная улица 3, дом 15, кв. 11",Алматы,Учебный ЖК 3-2,2,71.7,29400000,5,5,1993.0,Хорошее,410041.8410041841,last,normal
APT-0101,2026-08-22,"Учебная улица 3, дом 7, кв. 11",Алматы,Учебный ЖК 3-1,2,51.5,20300000,4,9,1995.0,Хорошее,394174.7572815534,middle,normal
APT-0089,2026-07-06,"Учебная улица 1, дом 6, кв. 14",Есиль,Учебный ЖК 1-2,2,57.3,28900000,18,18,1992.0,Хорошее,504363.0017452007,last,comfort
APT-0321,2026-08-06,"Учебная улица 4, дом 22, кв. 6",Сарыарка,Учебный ЖК 4-3,2,64.1,24800000,9,9,1980.0,Хорошее,386895.4758190328,last,normal
APT-0009,2026-07-09,"Учебная улица 5, дом 1, кв. 9",Байконыр,Учебный ЖК 5-1,1,29.8,12400000,1,9,1978.0,Евроремонт,416107.38255033555,first,normal
APT-0139,2026-09-12,"Учебная улица 5, дом 10, кв. 4",Байконыр,Учебный ЖК 5-1,2,65.2,26900000,9,12,1981.0,Хорошее,412576.6871165644,middle,normal
APT-0241,2026-09-23,"Учебная улица 6, дом 17, кв. 1",Сарайшық,Учебный ЖК 6-3,3,61.9,30500000,13,16,2003.0,Хорошее,492730.2100161551,middle,comfort
APT-0367,2026-09-20,"Учебная улица 6, дом 25, кв. 7",Сарайшық,Учебный ЖК 6-1,2,64.1,29900000,2,5,2022.0,Хорошее,466458.6583463339,middle,comfort
APT-0109,2026-08-28,"Учебная улица 2, дом 8, кв. 4",Нура,Не указан,1,43.7,21600000,5,16,1990.0,Без отделки,494279.176201373,middle,comfort
APT-0293,2026-08-24,"Учебная улица 4, дом 20, кв. 8",Сарыарка,Учебный ЖК 4-2,3,88.6,37200000,5,5,2000.0,Евроремонт,419864.5598194131,last,normal
APT-0297,2026-08-19,"Учебная улица 5, дом 20, кв. 12",Байконыр,Учебный ЖК 5-2,1,38.7,13800000,2,5,2003.0,Хорошее,356589.1472868217,middle,normal
APT-0322,2026-08-20,"Учебная улица 1, дом 22, кв. 7",Есиль,Учебный ЖК 1-2,3,89.0,53500000,4,12,2017.0,Хорошее,601123.595505618,middle,comfort
APT-0003,2026-07-20,"Учебная улица 6, дом 1, кв. 3",Сарайшық,Учебный ЖК 6-1,3,76.4,33800000,2,5,1992.0,Хорошее,442408.37696335075,middle,normal
APT-0057,2026-07-10,"Учебная улица 4, дом 4, кв. 12",Сарыарка,Учебный ЖК 4-3,2,60.2,21100000,16,18,1992.0,Хорошее,350498.3388704319,middle,normal
APT-0441,2026-07-14,"Учебная улица 4, дом 30, кв. 6",Сарыарка,Учебный ЖК 4-2,3,74.5,27000000,19,22,1986.0,Без отделки,362416.1073825503,middle,normal
APT-0144,2026-08-04,"Учебная улица 6, дом 10, кв. 9",Сарайшық,Не указан,1,42.6,19800000,14,22,2003.0,Хорошее,464788.7323943662,middle,comfort
APT-0456,2026-08-14,"Учебная улица 5, дом 31, кв. 6",Байконыр,Учебный ЖК 5-1,1,49.4,19500000,7,9,2007.0,Хорошее,394736.84210526315,middle,normal
APT-0252,2026-09-14,"Учебная улица 3, дом 17, кв. 12",Алматы,Учебный ЖК 3-3,2,65.4,29500000,2,18,2013.0,Евроремонт,451070.3363914373,middle,comfort
APT-0141,2026-09-23,"Учебная улица 1, дом 10, кв. 6",Есиль,Учебный ЖК 1-2,1,34.0,15800000,1,12,2003.0,Без отделки,464705.8823529412,first,comfort
APT-0393,2026-09-14,"Учебная улица 4, дом 27, кв. 3",Сарыарка,Не указан,3,85.4,32100000,15,16,1998.0,Без отделки,375878.2201405152,middle,normal
APT-0303,2026-08-01,"Учебная улица 5, дом 21, кв. 3",Байконыр,Не указан,3,96.3,35100000,7,9,2009.0,Требует ремонта,364485.9813084112,middle,normal
APT-0191,2026-07-16,"Учебная улица 3, дом 13, кв. 11",Алматы,Учебный ЖК 3-1,3,82.4,40700000,12,12,2014.0,Евроремонт,493932.0388349514,last,comfort
APT-0310,2026-07-01,"Учебная улица 5, дом 21, кв. 10",Байконыр,Учебный ЖК 5-3,3,75.7,33500000,8,12,2019.0,Не указано,442536.3276089828,middle,normal
APT-0022,2026-09-12,"Учебная улица 5, дом 2, кв. 7",Байконыр,Учебный ЖК 5-3,1,39.0,17100000,7,16,2017.0,Хорошее,438461.53846153844,middle,normal
APT-0004,2026-07-06,"Учебная улица 3, дом 1, кв. 4",Алматы,Учебный ЖК 3-3,1,40.2,19900000,3,5,1999.0,Не указано,495024.87562189053,middle,comfort
APT-0253,2026-07-16,"Учебная улица 6, дом 17, кв. 13",Сарайшық,Учебный ЖК 6-3,2,44.0,16900000,1,12,1996.0,Без отделки,384090.9090909091,first,normal
APT-0432,2026-09-03,"Учебная улица 2, дом 29, кв. 12",Нура,Учебный ЖК 2-1,1,48.0,24600000,4,12,2006.0,Хорошее,512500.0,middle,comfort
APT-0062,2026-09-18,"Учебная улица 6, дом 5, кв. 2",Сарайшық,Учебный ЖК 6-3,3,69.7,41000000,6,22,2000.0,Евроремонт,588235.294117647,middle,comfort
APT-0332,2026-07-08,"Учебная улица 5, дом 23, кв. 2",Байконыр,Не указан,1,46.0,19200000,3,18,2020.0,Хорошее,417391.3043478261,middle,normal
APT-0474,2026-08-15,"Учебная улица 6, дом 32, кв. 9",Сарайшық,Учебный ЖК 6-2,2,65.2,33800000,6,9,1998.0,Евроремонт,518404.9079754601,middle,comfort
APT-0183,2026-09-27,"Учебная улица 3, дом 13, кв. 3",Алматы,Учебный ЖК 3-2,1,24.7,10100000,13,16,2022.0,Хорошее,408906.88259109313,middle,normal
APT-0445,2026-08-11,"Учебная улица 3, дом 30, кв. 10",Алматы,Не указан,3,87.8,41400000,6,22,2020.0,Не указано,471526.1958997722,middle,comfort
APT-0435,2026-07-07,"Учебная улица 5, дом 29, кв. 15",Байконыр,Учебный ЖК 5-1,4,97.1,42700000,8,9,2010.0,Евроремонт,439752.8321318229,middle,normal
APT-0304,2026-07-31,"Учебная улица 1, дом 21, кв. 4",Есиль,Не указан,2,63.3,36500000,4,5,1997.0,Евроремонт,576619.2733017377,middle,comfort
APT-0001,2026-07-12,"Учебная улица 6, дом 1, кв. 1",Сарайшық,Учебный ЖК 6-3,1,35.7,18000000,4,22,1983.0,Хорошее,504201.68067226885,middle,comfort
APT-0136,2026-07-12,"Учебная улица 3, дом 10, кв. 1",Алматы,Не указан,2,54.7,20400000,16,22,1984.0,Требует ремонта,372943.3272394881,middle,normal
APT-0124,2026-09-26,"Учебная улица 6, дом 9, кв. 4",Сарайшық,Учебный ЖК 6-2,2,43.5,20500000,8,16,2003.0,Евроремонт,471264.367816092,middle,comfort
APT-0121,2026-07-05,"Учебная улица 2, дом 9, кв. 1",Нура,Учебный ЖК 2-2,3,78.1,39400000,11,12,2019.0,Хорошее,504481.4340588989,middle,comfort
APT-0355,2026-09-15,"Учебная улица 4, дом 24, кв. 10",Сарыарка,Учебный ЖК 4-1,2,42.4,12800000,7,12,2007.0,Без отделки,301886.7924528302,middle,normal
APT-0256,2026-07-03,"Учебная улица 2, дом 18, кв. 1",Нура,Учебный ЖК 2-2,2,54.5,35300000,5,5,2001.0,Евроремонт,647706.4220183486,last,comfort
APT-0098,2026-07-25,"Учебная улица 3, дом 7, кв. 8",Алматы,Учебный ЖК 3-3,2,59.1,23100000,8,16,2005.0,Хорошее,390862.9441624365,middle,normal
APT-0094,2026-09-05,"Учебная улица 4, дом 7, кв. 4",Сарыарка,Не указан,3,77.8,24600000,18,22,1975.0,Хорошее,316195.3727506427,middle,normal
APT-0138,2026-08-15,"Учебная улица 6, дом 10, кв. 3",Сарайшық,Учебный ЖК 6-1,4,111.0,60300000,2,22,2002.0,Евроремонт,543243.2432432432,middle,comfort
APT-0112,2026-08-05,"Учебная улица 3, дом 8, кв. 7",Алматы,Учебный ЖК 3-1,2,62.8,32800000,1,12,2019.0,Евроремонт,522292.99363057327,first,comfort
APT-0182,2026-09-22,"Учебная улица 3, дом 13, кв. 2",Алматы,Учебный ЖК 3-2,1,49.5,23700000,5,9,2016.0,Хорошее,478787.8787878788,middle,comfort
APT-0161,2026-08-14,"Учебная улица 4, дом 11, кв. 11",Сарыарка,Учебный ЖК 4-2,2,58.1,19400000,6,9,2013.0,Требует ремонта,333907.05679862306,middle,normal
APT-0244,2026-09-17,"Учебная улица 4, дом 17, кв. 4",Сарыарка,Учебный ЖК 4-1,2,37.8,12100000,2,9,1992.0,Требует ремонта,320105.82010582014,middle,normal
APT-0452,2026-09-26,"Учебная улица 5, дом 31, кв. 2",Байконыр,Учебный ЖК 5-1,2,71.1,23900000,4,9,2003.0,Не указано,336146.27285513363,middle,normal
APT-0284,2026-09-13,"Учебная улица 2, дом 19, кв. 14",Нура,Учебный ЖК 2-2,3,81.4,47400000,3,16,2025.0,Хорошее,582309.5823095823,middle,comfort
APT-0039,2026-07-06,"Учебная улица 5, дом 3, кв. 9",Байконыр,Учебный ЖК 5-2,1,29.1,13000000,1,9,2002.0,Хорошее,446735.39518900344,first,normal
APT-0176,2026-08-15,"Учебная улица 6, дом 12, кв. 11",Сарайшық,Не указан,2,66.9,23900000,5,22,1990.0,Без отделки,357249.62630792224,middle,normal
APT-0361,2026-08-11,"Учебная улица 1, дом 25, кв. 1",Есиль,Учебный ЖК 1-1,2,49.1,34700000,6,22,2003.0,Евроремонт,706720.9775967413,middle,business
APT-0048,2026-08-11,"Учебная улица 3, дом 4, кв. 3",Алматы,Учебный ЖК 3-2,3,79.2,34400000,10,22,1982.0,Хорошее,434343.43434343435,middle,normal
APT-0148,2026-08-10,"Учебная улица 4, дом 10, кв. 13",Сарыарка,Учебный ЖК 4-3,3,79.0,25300000,1,16,1977.0,Хорошее,320253.16455696203,first,normal
APT-0128,2026-09-23,"Учебная улица 3, дом 9, кв. 8",Алматы,Учебный ЖК 3-1,3,78.6,26800000,9,9,1984.0,Без отделки,340966.9211195929,last,normal
APT-0404,2026-07-29,"Учебная улица 5, дом 27, кв. 14",Байконыр,Учебный ЖК 5-3,3,88.6,31800000,11,22,1986.0,Хорошее,358916.47855530475,middle,normal
APT-0005,2026-09-12,"Учебная улица 4, дом 1, кв. 5",Сарыарка,Учебный ЖК 4-1,2,67.7,28900000,11,12,2010.0,Хорошее,426883.30871491873,middle,normal
APT-0467,2026-09-09,"Учебная улица 3, дом 32, кв. 2",Алматы,Учебный ЖК 3-3,4,115.4,58700000,21,22,2025.0,Хорошее,508665.51126516465,middle,comfort
APT-0375,2026-07-22,"Учебная улица 3, дом 25, кв. 15",Алматы,Учебный ЖК 3-3,1,48.7,16800000,16,18,2015.0,Без отделки,344969.19917864475,middle,normal
APT-0360,2026-09-06,"Учебная улица 3, дом 24, кв. 15",Алматы,Учебный ЖК 3-2,1,22.0,7500000,1,5,1977.0,Без отделки,340909.0909090909,first,normal
APT-0457,2026-09-22,"Учебная улица 2, дом 31, кв. 7",Нура,Не указан,3,80.7,46400000,17,18,2023.0,Хорошее,574969.0210656753,middle,comfort
APT-0478,2026-09-23,"Учебная улица 3, дом 32, кв. 13",Алматы,Учебный ЖК 3-1,1,28.1,12300000,3,18,2007.0,Хорошее,437722.4199288256,middle,normal
APT-0434,2026-07-01,"Учебная улица 4, дом 29, кв. 14",Сарыарка,Учебный ЖК 4-1,3,87.3,32100000,4,5,1976.0,Хорошее,367697.59450171824,middle,normal
APT-0113,2026-07-30,"Учебная улица 5, дом 8, кв. 8",Байконыр,Не указан,3,87.8,44900000,16,22,2013.0,Евроремонт,511389.52164009114,middle,comfort
APT-0196,2026-07-17,"Учебная улица 2, дом 14, кв. 1",Нура,Учебный ЖК 2-3,4,111.2,62300000,4,5,2016.0,Хорошее,560251.798561151,middle,comfort
APT-0035,2026-09-09,"Учебная улица 1, дом 3, кв. 5",Есиль,Учебный ЖК 1-1,3,66.5,27100000,5,9,1981.0,Требует ремонта,407518.7969924812,middle,normal
APT-0133,2026-08-28,"Учебная улица 1, дом 9, кв. 13",Есиль,Не указан,1,28.5,19400000,7,12,2020.0,Евроремонт,680701.754385965,middle,business
APT-0414,2026-07-17,"Учебная улица 4, дом 28, кв. 9",Сарыарка,Учебный ЖК 4-1,2,72.5,20300000,7,9,1987.0,Требует ремонта,280000.0,middle,normal
APT-0247,2026-07-08,"Учебная улица 5, дом 17, кв. 7",Байконыр,Не указан,2,56.7,19000000,9,9,1994.0,Не указано,335097.00176366844,last,normal
APT-0015,2026-09-20,"Учебная улица 6, дом 1, кв. 15",Сарайшық,Учебный ЖК 6-3,3,83.2,40200000,4,18,1986.0,Евроремонт,483173.0769230769,middle,comfort
APT-0356,2026-08-15,"Учебная улица 1, дом 24, кв. 11",Есиль,Учебный ЖК 1-3,4,109.7,74100000,1,12,2024.0,Евроремонт,675478.5779398358,first,business
APT-0236,2026-09-09,"Учебная улица 5, дом 16, кв. 11",Байконыр,Учебный ЖК 5-3,2,54.9,22800000,2,12,2020.0,Евроремонт,415300.54644808744,middle,normal
APT-0235,2026-09-15,"Учебная улица 4, дом 16, кв. 10",Сарыарка,Учебный ЖК 4-1,3,77.5,35300000,7,16,2010.0,Евроремонт,455483.87096774194,middle,comfort
APT-0424,2026-09-18,"Учебная улица 1, дом 29, кв. 4",Есиль,Учебный ЖК 1-2,3,86.0,57300000,6,22,2017.0,Хорошее,666279.0697674418,middle,business
APT-0125,2026-07-12,"Учебная улица 5, дом 9, кв. 5",Байконыр,Не указан,4,106.3,51100000,2,9,1992.0,Евроремонт,480714.9576669803,middle,comfort
APT-0448,2026-08-15,"Учебная улица 6, дом 30, кв. 13",Сарайшық,Учебный ЖК 6-2,2,59.7,24400000,10,22,1978.0,Без отделки,408710.2177554439,middle,normal
APT-0289,2026-07-19,"Учебная улица 6, дом 20, кв. 4",Сарайшық,Не указан,2,59.0,26400000,7,12,1981.0,Евроремонт,447457.6271186441,middle,normal
APT-0194,2026-09-09,"Учебная улица 2, дом 13, кв. 14",Нура,Не указан,1,34.0,17900000,3,5,2003.0,Хорошее,526470.5882352941,middle,comfort
APT-0227,2026-08-07,"Учебная улица 4, дом 16, кв. 2",Сарыарка,Учебный ЖК 4-1,4,116.1,55800000,6,16,2000.0,Евроремонт,480620.1550387597,middle,comfort
APT-0129,2026-08-23,"Учебная улица 2, дом 9, кв. 9",Нура,Учебный ЖК 2-3,1,37.5,16200000,2,5,1995.0,Не указано,432000.0,middle,normal
APT-0437,2026-07-06,"Учебная улица 1, дом 30, кв. 2",Есиль,Учебный ЖК 1-1,3,85.3,53800000,9,12,2015.0,Хорошее,630715.123094959,middle,comfort
APT-0276,2026-07-18,"Учебная улица 1, дом 19, кв. 6",Есиль,Учебный ЖК 1-2,3,85.2,43800000,9,9,2010.0,Без отделки,514084.5070422535,last,comfort
APT-0263,2026-09-18,"Учебная улица 3, дом 18, кв. 8",Алматы,Не указан,1,40.6,15700000,1,5,1986.0,Хорошее,386699.50738916255,first,normal
APT-0060,2026-08-08,"Учебная улица 6, дом 4, кв. 15",Сарайшық,Учебный ЖК 6-2,1,39.2,21700000,13,18,2023.0,Хорошее,553571.4285714285,middle,comfort
APT-0175,2026-09-07,"Учебная улица 1, дом 12, кв. 10",Есиль,Учебный ЖК 1-1,1,23.5,15400000,1,5,2004.0,Евроремонт,655319.1489361703,first,business
APT-0151,2026-09-04,"Учебная улица 4, дом 11, кв. 1",Сарыарка,Учебный ЖК 4-1,3,83.9,29800000,2,9,2024.0,Хорошее,355184.7437425506,middle,normal
APT-0258,2026-09-21,"Учебная улица 5, дом 18, кв. 3",Байконыр,Учебный ЖК 5-3,3,80.0,37000000,5,12,2018.0,Евроремонт,462500.0,middle,comfort
APT-0038,2026-09-27,"Учебная улица 3, дом 3, кв. 8",Алматы,Учебный ЖК 3-1,1,34.6,13300000,14,18,2003.0,Хорошее,384393.063583815,middle,normal
APT-0348,2026-07-18,"Учебная улица 4, дом 24, кв. 3",Сарыарка,Учебный ЖК 4-1,3,63.6,22000000,18,22,2010.0,Без отделки,345911.9496855346,middle,normal
APT-0475,2026-09-19,"Учебная улица 4, дом 32, кв. 10",Сарыарка,Учебный ЖК 4-1,2,64.9,23300000,9,9,1992.0,Без отделки,359013.86748844374,last,normal
APT-0260,2026-09-19,"Учебная улица 1, дом 18, кв. 5",Есиль,Учебный ЖК 1-1,2,52.6,31900000,2,22,1979.0,Евроремонт,606463.8783269962,middle,comfort
APT-0209,2026-09-17,"Учебная улица 2, дом 14, кв. 14",Нура,Учебный ЖК 2-1,2,58.1,36600000,9,18,2003.0,Евроремонт,629948.3648881239,middle,comfort
APT-0388,2026-09-28,"Учебная улица 1, дом 26, кв. 13",Есиль,Учебный ЖК 1-3,2,64.6,35300000,5,12,2025.0,Без отделки,546439.6284829722,middle,comfort
APT-0469,2026-08-02,"Учебная улица 6, дом 32, кв. 4",Сарайшық,Учебный ЖК 6-1,3,83.2,33500000,5,18,2016.0,Без отделки,402644.23076923075,middle,normal
APT-0413,2026-07-18,"Учебная улица 1, дом 28, кв. 8",Есиль,Учебный ЖК 1-2,2,56.7,35500000,11,18,2013.0,Хорошее,626102.2927689594,middle,comfort
APT-0295,2026-09-14,"Учебная улица 2, дом 20, кв. 10",Нура,Учебный ЖК 2-1,2,61.3,35300000,11,16,2017.0,Хорошее,575856.4437194128,middle,comfort
APT-0207,2026-07-14,"Учебная улица 5, дом 14, кв. 12",Байконыр,Учебный ЖК 5-2,2,68.9,22100000,16,22,2016.0,Без отделки,320754.71698113205,middle,normal
APT-0233,2026-09-29,"Учебная улица 3, дом 16, кв. 8",Алматы,Не указан,3,83.0,32600000,10,16,2003.0,Без отделки,392771.0843373494,middle,normal
APT-0379,2026-08-23,"Учебная улица 3, дом 26, кв. 4",Алматы,Учебный ЖК 3-3,3,72.5,37200000,2,18,1989.0,Евроремонт,513103.4482758621,middle,comfort
APT-0311,2026-07-28,"Учебная улица 1, дом 21, кв. 11",Есиль,Не указан,3,72.6,47300000,5,5,1997.0,Хорошее,651515.1515151516,last,business
APT-0116,2026-08-16,"Учебная улица 3, дом 8, кв. 11",Алматы,Учебный ЖК 3-3,3,77.4,40100000,3,9,1986.0,Евроремонт,518087.8552971576,middle,comfort
APT-0418,2026-07-14,"Учебная улица 6, дом 28, кв. 13",Сарайшық,Учебный ЖК 6-3,1,40.3,17300000,10,12,2008.0,Хорошее,429280.39702233253,middle,normal
APT-0178,2026-07-03,"Учебная улица 1, дом 12, кв. 13",Есиль,Учебный ЖК 1-2,2,57.1,34900000,4,5,2005.0,Евроремонт,611208.4063047286,middle,comfort
APT-0179,2026-08-13,"Учебная улица 1, дом 12, кв. 14",Есиль,Учебный ЖК 1-3,2,58.8,30800000,11,18,2024.0,Без отделки,523809.52380952385,middle,comfort
APT-0299,2026-09-01,"Учебная улица 5, дом 20, кв. 14",Байконыр,Не указан,1,34.8,17700000,2,18,2003.0,Евроремонт,508620.68965517246,middle,comfort
APT-0450,2026-08-10,"Учебная улица 6, дом 30, кв. 15",Сарайшық,Не указан,3,74.8,44500000,14,16,1999.0,Евроремонт,594919.7860962567,middle,comfort
APT-0490,2026-07-03,"Учебная улица 3, дом 2, кв. 5",Алматы,Учебный ЖК 3-3,2,47.2,16300000,4,16,2008.0,Без отделки,345338.9830508474,middle,normal
APT-0422,2026-08-03,"Учебная улица 6, дом 29, кв. 2",Сарайшық,Учебный ЖК 6-2,3,68.6,35900000,8,22,1991.0,Хорошее,523323.6151603499,middle,comfort
APT-0423,2026-07-13,"Учебная улица 1, дом 29, кв. 3",Есиль,Учебный ЖК 1-1,1,37.0,22600000,11,12,1993.0,Хорошее,610810.8108108108,middle,comfort
APT-0036,2026-08-03,"Учебная улица 3, дом 3, кв. 6",Алматы,Не указан,2,53.8,21100000,11,22,1988.0,Без отделки,392193.3085501859,middle,normal
APT-0008,2026-09-20,"Учебная улица 6, дом 1, кв. 8",Сарайшық,Учебный ЖК 6-3,1,31.9,14600000,3,9,2021.0,Хорошее,457680.2507836991,middle,comfort
APT-0103,2026-07-02,"Учебная улица 4, дом 7, кв. 13",Сарыарка,Учебный ЖК 4-3,4,122.6,42300000,4,5,1996.0,Требует ремонта,345024.46982055466,middle,normal
APT-0301,2026-07-22,"Учебная улица 4, дом 21, кв. 1",Сарыарка,Учебный ЖК 4-2,1,22.9,7700000,1,12,2003.0,Без отделки,336244.5414847162,first,normal
APT-0208,2026-09-11,"Учебная улица 2, дом 14, кв. 13",Нура,Не указан,4,110.9,60700000,7,12,2021.0,Не указано,547339.9458972047,middle,comfort
APT-0203,2026-09-10,"Учебная улица 3, дом 14, кв. 8",Алматы,Учебный ЖК 3-1,2,55.1,21400000,7,12,2021.0,Без отделки,388384.7549909256,middle,normal
APT-0343,2026-08-20,"Учебная улица 1, дом 23, кв. 13",Есиль,Учебный ЖК 1-3,2,70.9,33900000,5,9,1983.0,Без отделки,478138.2228490832,middle,comfort
APT-0181,2026-09-08,"Учебная улица 4, дом 13, кв. 1",Сарыарка,Учебный ЖК 4-2,1,40.2,16600000,5,12,1977.0,Не указано,412935.32338308456,middle,normal
APT-0205,2026-09-04,"Учебная улица 5, дом 14, кв. 10",Байконыр,Учебный ЖК 5-2,2,76.8,24800000,11,18,1995.0,Без отделки,322916.6666666667,middle,normal
APT-0462,2026-08-12,"Учебная улица 4, дом 31, кв. 12",Сарыарка,Учебный ЖК 4-1,3,94.9,30700000,22,22,1979.0,Без отделки,323498.4193888303,last,normal
APT-0045,2026-08-10,"Учебная улица 1, дом 3, кв. 15",Есиль,Учебный ЖК 1-2,1,40.9,22300000,1,5,1991.0,Хорошее,545232.2738386309,first,comfort
APT-0081,2026-08-31,"Учебная улица 1, дом 6, кв. 6",Есиль,Не указан,3,76.0,46200000,3,12,2003.0,Евроремонт,607894.7368421053,middle,comfort
APT-0394,2026-07-21,"Учебная улица 3, дом 27, кв. 4",Алматы,Учебный ЖК 3-3,2,61.4,22600000,3,22,1991.0,Без отделки,368078.1758957655,middle,normal
APT-0123,2026-08-05,"Учебная улица 4, дом 9, кв. 3",Сарыарка,Учебный ЖК 4-1,2,57.6,25400000,4,5,2016.0,Хорошее,440972.2222222222,middle,normal
APT-0185,2026-09-27,"Учебная улица 5, дом 13, кв. 5",Байконыр,Учебный ЖК 5-2,2,65.7,25400000,8,12,2003.0,Хорошее,386605.7838660578,middle,normal
APT-0019,2026-09-24,"Учебная улица 3, дом 2, кв. 4",Алматы,Учебный ЖК 3-3,2,43.8,20900000,7,22,2009.0,Евроремонт,477168.94977168954,middle,comfort
APT-0346,2026-07-06,"Учебная улица 3, дом 24, кв. 1",Алматы,Не указан,3,86.2,42100000,5,9,1980.0,Евроремонт,488399.071925754,middle,comfort
APT-0087,2026-08-04,"Учебная улица 3, дом 6, кв. 12",Алматы,Учебный ЖК 3-1,3,75.7,33000000,4,16,1987.0,Хорошее,435931.30779392336,middle,normal
APT-0395,2026-09-26,"Учебная улица 2, дом 27, кв. 5",Нура,Учебный ЖК 2-1,3,76.8,45000000,14,22,1992.0,Хорошее,585937.5,middle,comfort
APT-0119,2026-08-18,"Учебная улица 1, дом 8, кв. 14",Есиль,Учебный ЖК 1-3,3,93.9,57400000,11,12,2004.0,Евроремонт,611288.6048988285,middle,comfort
APT-0358,2026-09-28,"Учебная улица 3, дом 24, кв. 13",Алматы,Учебный ЖК 3-2,4,114.9,52100000,4,9,1986.0,Хорошее,453437.77197563095,middle,comfort
APT-0265,2026-09-09,"Учебная улица 6, дом 18, кв. 10",Сарайшық,Не указан,1,29.7,11400000,2,22,2016.0,Не указано,383838.38383838383,middle,normal
APT-0262,2026-08-05,"Учебная улица 4, дом 18, кв. 7",Сарыарка,Не указан,1,36.5,11700000,14,18,2009.0,Требует ремонта,320547.94520547945,middle,normal
APT-0100,2026-08-31,"Учебная улица 6, дом 7, кв. 10",Сарайшық,Учебный ЖК 6-2,2,62.3,33100000,16,18,2012.0,Евроремонт,531300.1605136436,middle,comfort
APT-0392,2026-08-29,"Учебная улица 2, дом 27, кв. 2",Нура,Учебный ЖК 2-3,1,28.1,12600000,12,12,1978.0,Без отделки,448398.5765124555,last,normal
APT-0266,2026-08-12,"Учебная улица 1, дом 18, кв. 11",Есиль,Учебный ЖК 1-3,3,69.8,41200000,2,9,2019.0,Хорошее,590257.8796561605,middle,comfort
APT-0337,2026-09-11,"Учебная улица 4, дом 23, кв. 7",Сарыарка,Учебный ЖК 4-2,3,85.0,23300000,15,18,1980.0,Требует ремонта,274117.64705882355,middle,normal
APT-0104,2026-08-13,"Учебная улица 2, дом 7, кв. 14",Нура,Учебный ЖК 2-3,2,74.8,47200000,2,9,2016.0,Хорошее,631016.0427807487,middle,comfort
APT-0006,2026-07-13,"Учебная улица 6, дом 1, кв. 6",Сарайшық,Учебный ЖК 6-2,1,34.7,20800000,5,9,2017.0,Евроремонт,599423.6311239193,middle,comfort
APT-0225,2026-08-06,"Учебная улица 1, дом 15, кв. 15",Есиль,Учебный ЖК 1-2,3,97.4,50200000,16,16,1985.0,Хорошее,515400.41067761806,last,comfort
APT-0254,2026-08-11,"Учебная улица 4, дом 17, кв. 14",Сарыарка,Учебный ЖК 4-2,4,110.1,40300000,7,18,2019.0,Хорошее,366030.88101725705,middle,normal
APT-0328,2026-08-25,"Учебная улица 3, дом 22, кв. 13",Алматы,Учебный ЖК 3-3,2,55.7,23400000,22,22,2015.0,Хорошее,420107.7199281867,last,normal
APT-0090,2026-09-12,"Учебная улица 6, дом 6, кв. 15",Сарайшық,Учебный ЖК 6-3,2,67.7,29500000,1,5,2003.0,Без отделки,435745.93796159525,first,normal
APT-0030,2026-09-13,"Учебная улица 5, дом 2, кв. 15",Байконыр,Учебный ЖК 5-3,1,33.3,14900000,4,16,1990.0,Евроремонт,447447.4474474475,middle,normal
APT-0306,2026-08-07,"Учебная улица 5, дом 21, кв. 6",Байконыр,Не указан,2,70.2,28200000,18,18,1992.0,Без отделки,401709.4017094017,last,normal
APT-0365,2026-09-28,"Учебная улица 6, дом 25, кв. 5",Сарайшық,Учебный ЖК 6-3,2,63.1,23800000,3,12,2019.0,Без отделки,377179.0808240887,middle,normal
APT-0147,2026-08-15,"Учебная улица 1, дом 10, кв. 12",Есиль,Учебный ЖК 1-1,1,35.9,22700000,8,18,1999.0,Хорошее,632311.9777158775,middle,comfort
APT-0421,2026-09-04,"Учебная улица 2, дом 29, кв. 1",Нура,Не указан,1,27.8,12200000,16,22,2011.0,Без отделки,438848.92086330935,middle,normal
APT-0426,2026-07-21,"Учебная улица 6, дом 29, кв. 6",Сарайшық,Не указан,4,103.3,41300000,2,5,1985.0,Хорошее,399806.38915779284,middle,normal
APT-0197,2026-07-21,"Учебная улица 6, дом 14, кв. 2",Сарайшық,Учебный ЖК 6-2,2,60.5,27300000,1,5,2007.0,Хорошее,451239.6694214876,first,comfort
APT-0371,2026-07-12,"Учебная улица 1, дом 25, кв. 11",Есиль,Не указан,2,63.0,40200000,6,16,1985.0,Евроремонт,638095.2380952381,middle,comfort
APT-0312,2026-09-01,"Учебная улица 3, дом 21, кв. 12",Алматы,Учебный ЖК 3-2,2,63.1,27200000,9,12,1993.0,Хорошее,431061.8066561014,middle,normal
APT-0041,2026-08-22,"Учебная улица 6, дом 3, кв. 11",Сарайшық,Учебный ЖК 6-3,1,50.5,23200000,1,16,1986.0,Без отделки,459405.9405940594,first,comfort
APT-0451,2026-09-21,"Учебная улица 1, дом 31, кв. 1",Есиль,Учебный ЖК 1-2,1,35.9,25800000,8,16,2024.0,Евроремонт,718662.9526462395,middle,business
APT-0114,2026-09-23,"Учебная улица 3, дом 8, кв. 9",Алматы,Учебный ЖК 3-3,1,22.0,9800000,9,18,1987.0,Хорошее,445454.54545454547,middle,normal
APT-0135,2026-08-10,"Учебная улица 2, дом 9, кв. 15",Нура,Учебный ЖК 2-3,2,66.3,38300000,14,16,2003.0,Евроремонт,577677.2247360483,middle,comfort
APT-0033,2026-07-09,"Учебная улица 4, дом 3, кв. 3",Сарыарка,Учебный ЖК 4-1,3,80.6,31500000,9,9,2009.0,Без отделки,390818.8585607941,last,normal
APT-0046,2026-07-01,"Учебная улица 5, дом 4, кв. 1",Байконыр,Учебный ЖК 5-3,5,131.1,48200000,7,16,1982.0,Без отделки,367658.2761250954,middle,normal
APT-0223,2026-09-14,"Учебная улица 4, дом 15, кв. 13",Сарыарка,Учебный ЖК 4-1,1,39.0,14000000,9,22,2010.0,Без отделки,358974.358974359,middle,normal
APT-0308,2026-09-25,"Учебная улица 6, дом 21, кв. 8",Сарайшық,Не указан,1,22.0,12200000,3,9,1983.0,Евроремонт,554545.4545454546,middle,comfort
APT-0242,2026-07-17,"Учебная улица 2, дом 17, кв. 2",Нура,Не указан,3,96.1,56000000,2,5,1997.0,Евроремонт,582726.3267429761,middle,comfort
APT-0075,2026-09-01,"Учебная улица 1, дом 5, кв. 15",Есиль,Учебный ЖК 1-2,2,62.2,37600000,8,16,2001.0,Хорошее,604501.6077170417,middle,comfort
APT-0047,2026-08-12,"Учебная улица 5, дом 4, кв. 2",Байконыр,Учебный ЖК 5-3,3,96.2,32100000,7,12,1987.0,Требует ремонта,333679.8336798337,middle,normal
APT-0479,2026-08-15,"Учебная улица 5, дом 32, кв. 14",Байконыр,Учебный ЖК 5-1,3,84.2,36400000,3,9,1985.0,Евроремонт,432304.03800475056,middle,normal
APT-0326,2026-08-21,"Учебная улица 4, дом 22, кв. 11",Сарыарка,Учебный ЖК 4-1,2,64.3,27600000,17,22,2015.0,Евроремонт,429237.94712286163,middle,normal
APT-0200,2026-08-03,"Учебная улица 5, дом 14, кв. 5",Байконыр,Учебный ЖК 5-3,1,33.7,15500000,1,5,1976.0,Евроремонт,459940.65281899105,first,comfort
APT-0430,2026-08-14,"Учебная улица 5, дом 29, кв. 10",Байконыр,Учебный ЖК 5-3,3,71.7,27400000,4,5,2014.0,Хорошее,382147.8382147838,middle,normal
APT-0027,2026-08-28,"Учебная улица 4, дом 2, кв. 12",Сарыарка,Учебный ЖК 4-2,2,71.4,27500000,1,16,1985.0,Евроремонт,385154.06162464985,first,normal
APT-0442,2026-09-27,"Учебная улица 6, дом 30, кв. 7",Сарайшық,Учебный ЖК 6-1,2,61.0,29200000,13,18,1995.0,Хорошее,478688.52459016396,middle,comfort
APT-0351,2026-08-24,"Учебная улица 3, дом 24, кв. 6",Алматы,Учебный ЖК 3-1,1,38.4,16300000,13,16,2011.0,Хорошее,424479.1666666667,middle,normal
APT-0357,2026-09-12,"Учебная улица 2, дом 24, кв. 12",Нура,Учебный ЖК 2-2,4,117.5,78700000,2,18,1992.0,Евроремонт,669787.2340425532,middle,business
APT-0315,2026-09-28,"Учебная улица 6, дом 21, кв. 15",Сарайшық,Учебный ЖК 6-1,2,70.3,32200000,1,9,2016.0,Хорошее,458036.98435277387,first,comfort
APT-0282,2026-09-29,"Учебная улица 5, дом 19, кв. 12",Байконыр,Учебный ЖК 5-1,1,36.6,13000000,9,9,2009.0,Требует ремонта,355191.2568306011,last,normal
APT-0411,2026-08-01,"Учебная улица 2, дом 28, кв. 6",Нура,Учебный ЖК 2-1,3,100.1,39900000,7,18,2023.0,Требует ремонта,398601.3986013986,middle,normal
APT-0174,2026-07-31,"Учебная улица 3, дом 12, кв. 9",Алматы,Учебный ЖК 3-2,1,25.2,11300000,17,18,1984.0,Хорошее,448412.6984126984,middle,normal
APT-0403,2026-08-03,"Учебная улица 6, дом 27, кв. 13",Сарайшық,Учебный ЖК 6-3,2,58.5,25400000,6,18,2017.0,Без отделки,434188.0341880342,middle,normal
APT-0206,2026-07-31,"Учебная улица 4, дом 14, кв. 11",Сарыарка,Учебный ЖК 4-1,3,80.0,34500000,1,5,2006.0,Евроремонт,431250.0,first,normal
APT-0261,2026-08-31,"Учебная улица 1, дом 18, кв. 6",Есиль,Учебный ЖК 1-3,3,93.5,60600000,5,5,1998.0,Хорошее,648128.3422459894,last,comfort
APT-0110,2026-08-14,"Учебная улица 6, дом 8, кв. 5",Сарайшық,Учебный ЖК 6-3,1,27.9,11600000,11,12,2004.0,Хорошее,415770.60931899643,middle,normal
APT-0052,2026-08-30,"Учебная улица 2, дом 4, кв. 7",Нура,Учебный ЖК 2-3,3,80.7,32500000,3,9,1989.0,Требует ремонта,402726.14622057,middle,normal
APT-0083,2026-08-26,"Учебная улица 2, дом 6, кв. 8",Нура,Не указан,1,37.0,22700000,8,18,2025.0,Евроремонт,613513.5135135135,middle,comfort
APT-0359,2026-09-02,"Учебная улица 5, дом 24, кв. 14",Байконыр,Учебный ЖК 5-3,1,30.1,15000000,4,9,2011.0,Евроремонт,498338.8704318937,middle,comfort
APT-0401,2026-07-05,"Учебная улица 6, дом 27, кв. 11",Сарайшық,Учебный ЖК 6-3,2,61.2,31700000,5,12,2006.0,Евроремонт,517973.8562091503,middle,comfort
APT-0229,2026-09-21,"Учебная улица 4, дом 16, кв. 4",Сарыарка,Учебный ЖК 4-2,4,114.3,45500000,2,9,1992.0,Хорошее,398075.24059492565,middle,normal
APT-0118,2026-09-10,"Учебная улица 2, дом 8, кв. 13",Нура,Не указан,3,78.6,52600000,22,22,1989.0,Евроремонт,669211.1959287532,last,business
APT-0383,2026-09-05,"Учебная улица 3, дом 26, кв. 8",Алматы,Учебный ЖК 3-2,2,57.9,26300000,13,16,1980.0,Хорошее,454231.4335060449,middle,comfort
APT-0338,2026-07-26,"Учебная улица 6, дом 23, кв. 8",Сарайшық,Не указан,3,77.2,46700000,10,12,2004.0,Евроремонт,604922.2797927461,middle,comfort
APT-0468,2026-08-09,"Учебная улица 2, дом 32, кв. 3",Нура,Учебный ЖК 2-1,1,45.5,26300000,13,18,1975.0,Хорошее,578021.978021978,middle,comfort
APT-0071,2026-09-22,"Учебная улица 1, дом 5, кв. 11",Есиль,Учебный ЖК 1-2,2,49.1,30600000,5,22,2004.0,Хорошее,623217.9226069247,middle,comfort
APT-0377,2026-08-29,"Учебная улица 1, дом 26, кв. 2",Есиль,Учебный ЖК 1-2,3,78.1,42200000,3,12,1999.0,Хорошее,540332.9065300897,middle,comfort
APT-0460,2026-09-07,"Учебная улица 6, дом 31, кв. 10",Сарайшық,Учебный ЖК 6-3,1,34.4,16600000,1,5,2007.0,Не указано,482558.1395348837,first,comfort
APT-0362,2026-07-10,"Учебная улица 1, дом 25, кв. 2",Есиль,Учебный ЖК 1-2,1,26.5,19700000,2,9,2020.0,Евроремонт,743396.2264150943,middle,business
APT-0397,2026-09-05,"Учебная улица 6, дом 27, кв. 7",Сарайшық,Учебный ЖК 6-3,3,77.1,30600000,9,16,1997.0,Без отделки,396887.15953307395,middle,normal
APT-0177,2026-09-03,"Учебная улица 5, дом 12, кв. 12",Байконыр,Учебный ЖК 5-3,2,58.3,25100000,5,5,1998.0,Не указано,430531.7324185249,last,normal
APT-0158,2026-08-13,"Учебная улица 3, дом 11, кв. 8",Алматы,Учебный ЖК 3-3,2,62.4,29600000,1,9,2007.0,Хорошее,474358.9743589744,first,comfort
APT-0470,2026-08-07,"Учебная улица 1, дом 32, кв. 5",Есиль,Учебный ЖК 1-3,1,30.5,18300000,5,5,2003.0,Хорошее,600000.0,last,comfort
APT-0453,2026-09-13,"Учебная улица 2, дом 31, кв. 3",Нура,Учебный ЖК 2-2,4,107.6,49700000,9,16,1977.0,Хорошее,461895.9107806692,middle,comfort
APT-0285,2026-09-15,"Учебная улица 5, дом 19, кв. 15",Байконыр,Учебный ЖК 5-3,2,70.8,35100000,3,5,2009.0,Евроремонт,495762.7118644068,middle,comfort
APT-0287,2026-09-04,"Учебная улица 6, дом 20, кв. 2",Сарайшық,Учебный ЖК 6-3,3,73.2,27600000,4,16,2025.0,Требует ремонта,377049.18032786885,middle,normal
APT-0190,2026-09-10,"Учебная улица 3, дом 13, кв. 10",Алматы,Учебный ЖК 3-1,1,33.6,13500000,2,5,1982.0,Хорошее,401785.71428571426,middle,normal
APT-0092,2026-09-24,"Учебная улица 5, дом 7, кв. 2",Байконыр,Учебный ЖК 5-1,2,54.4,21000000,4,5,2006.0,Хорошее,386029.4117647059,middle,normal
APT-0248,2026-08-14,"Учебная улица 5, дом 17, кв. 8",Байконыр,Учебный ЖК 5-3,3,77.8,30200000,22,22,1986.0,Хорошее,388174.80719794345,last,normal
APT-0286,2026-07-06,"Учебная улица 1, дом 20, кв. 1",Есиль,Учебный ЖК 1-3,1,30.1,17800000,22,22,1990.0,Хорошее,591362.1262458472,last,comfort
APT-0402,2026-09-20,"Учебная улица 6, дом 27, кв. 12",Сарайшық,Учебный ЖК 6-2,5,133.4,72000000,12,12,1987.0,Евроремонт,539730.1349325337,last,comfort
APT-0283,2026-08-02,"Учебная улица 4, дом 19, кв. 13",Сарыарка,Учебный ЖК 4-3,3,85.5,29000000,16,16,2025.0,Без отделки,339181.2865497076,last,normal
APT-0212,2026-08-08,"Учебная улица 5, дом 15, кв. 2",Байконыр,Учебный ЖК 5-3,1,36.0,15300000,3,12,2014.0,Хорошее,425000.0,middle,normal
APT-0105,2026-09-01,"Учебная улица 6, дом 7, кв. 15",Сарайшық,Учебный ЖК 6-3,2,66.3,37400000,13,18,2018.0,Евроремонт,564102.5641025641,middle,comfort
APT-0387,2026-08-04,"Учебная улица 5, дом 26, кв. 12",Байконыр,Учебный ЖК 5-2,3,77.5,25000000,8,22,1996.0,Требует ремонта,322580.6451612903,middle,normal
APT-0204,2026-08-07,"Учебная улица 3, дом 14, кв. 9",Алматы,Учебный ЖК 3-2,1,47.8,15800000,8,12,1982.0,Без отделки,330543.93305439333,middle,normal
APT-0349,2026-07-11,"Учебная улица 1, дом 24, кв. 4",Есиль,Учебный ЖК 1-3,1,37.1,23500000,12,16,1987.0,Хорошее,633423.1805929919,middle,comfort
APT-0142,2026-08-23,"Учебная улица 1, дом 10, кв. 7",Есиль,Учебный ЖК 1-2,1,29.4,18100000,1,5,2015.0,Евроремонт,615646.2585034014,first,comfort
APT-0314,2026-08-05,"Учебная улица 4, дом 21, кв. 14",Сарыарка,Учебный ЖК 4-1,1,39.2,15600000,5,9,2019.0,Без отделки,397959.18367346935,middle,normal
APT-0188,2026-07-05,"Учебная улица 2, дом 13, кв. 8",Нура,Учебный ЖК 2-3,1,46.9,29900000,12,22,2003.0,Хорошее,637526.6524520256,middle,comfort
APT-0290,2026-08-26,"Учебная улица 3, дом 20, кв. 5",Алматы,Учебный ЖК 3-3,2,61.5,27600000,9,9,2025.0,Хорошее,448780.48780487804,last,normal
APT-0217,2026-09-10,"Учебная улица 6, дом 15, кв. 7",Сарайшық,Учебный ЖК 6-2,1,25.0,13400000,2,22,2005.0,Евроремонт,536000.0,middle,comfort
APT-0275,2026-08-22,"Учебная улица 5, дом 19, кв. 5",Байконыр,Учебный ЖК 5-2,2,67.4,25000000,11,18,1980.0,Евроремонт,370919.88130563794,middle,normal
APT-0438,2026-07-25,"Учебная улица 4, дом 30, кв. 3",Сарыарка,Учебный ЖК 4-1,1,43.2,14400000,14,22,2020.0,Требует ремонта,333333.3333333333,middle,normal
APT-0134,2026-09-09,"Учебная улица 5, дом 9, кв. 14",Байконыр,Учебный ЖК 5-3,2,52.5,25700000,4,22,2025.0,Евроремонт,489523.8095238095,middle,comfort
APT-0130,2026-09-03,"Учебная улица 1, дом 9, кв. 10",Есиль,Учебный ЖК 1-1,3,78.3,40800000,12,16,2005.0,Хорошее,521072.79693486594,middle,comfort
APT-0300,2026-09-29,"Учебная улица 2, дом 20, кв. 15",Нура,Учебный ЖК 2-2,3,89.0,48900000,16,18,2010.0,Хорошее,549438.202247191,middle,comfort
APT-0334,2026-07-05,"Учебная улица 2, дом 23, кв. 4",Нура,Учебный ЖК 2-3,1,47.5,26000000,5,16,1998.0,Без отделки,547368.4210526316,middle,comfort
APT-0219,2026-08-05,"Учебная улица 6, дом 15, кв. 9",Сарайшық,Учебный ЖК 6-3,3,81.9,45100000,10,12,2019.0,Хорошее,550671.5506715507,middle,comfort
APT-0080,2026-09-20,"Учебная улица 5, дом 6, кв. 5",Байконыр,Учебный ЖК 5-2,1,35.0,13500000,5,5,1977.0,Без отделки,385714.28571428574,last,normal
APT-0055,2026-09-15,"Учебная улица 4, дом 4, кв. 10",Сарыарка,Учебный ЖК 4-2,1,36.1,15700000,8,9,2004.0,Хорошее,434903.0470914127,middle,normal
APT-0186,2026-07-08,"Учебная улица 3, дом 13, кв. 6",Алматы,Не указан,2,64.3,30200000,10,12,2021.0,Евроремонт,469673.4059097978,middle,comfort
APT-0162,2026-08-12,"Учебная улица 6, дом 11, кв. 12",Сарайшық,Учебный ЖК 6-1,3,72.5,32900000,2,9,2000.0,Хорошее,453793.1034482759,middle,comfort
APT-0412,2026-07-22,"Учебная улица 6, дом 28, кв. 7",Сарайшық,Учебный ЖК 6-1,3,78.8,37500000,2,9,1994.0,Хорошее,475888.3248730965,middle,comfort
APT-0353,2026-08-23,"Учебная улица 5, дом 24, кв. 8",Байконыр,Учебный ЖК 5-1,1,33.7,10900000,2,16,2010.0,Требует ремонта,323442.1364985163,middle,normal
APT-0106,2026-07-12,"Учебная улица 1, дом 8, кв. 1",Есиль,Учебный ЖК 1-2,3,87.5,63500000,22,22,1990.0,Евроремонт,725714.2857142857,last,business
APT-0336,2026-08-21,"Учебная улица 5, дом 23, кв. 6",Байконыр,Учебный ЖК 5-1,3,87.4,42500000,4,9,1978.0,Евроремонт,486270.02288329514,middle,comfort
APT-0193,2026-07-16,"Учебная улица 3, дом 13, кв. 13",Алматы,Учебный ЖК 3-1,3,77.7,37100000,3,9,2003.0,Не указано,477477.47747747746,middle,comfort
APT-0267,2026-09-26,"Учебная улица 1, дом 18, кв. 12",Есиль,Учебный ЖК 1-2,4,113.1,68600000,16,18,2003.0,Без отделки,606542.8824049514,middle,comfort
APT-0061,2026-08-19,"Учебная улица 4, дом 5, кв. 1",Сарыарка,Не указан,2,58.6,19500000,8,16,1989.0,Без отделки,332764.50511945394,middle,normal
APT-0268,2026-07-19,"Учебная улица 5, дом 18, кв. 13",Байконыр,Учебный ЖК 5-3,2,57.2,16400000,6,9,1977.0,Требует ремонта,286713.2867132867,middle,normal
APT-0296,2026-08-08,"Учебная улица 3, дом 20, кв. 11",Алматы,Учебный ЖК 3-3,2,63.7,32700000,6,18,2004.0,Евроремонт,513343.7990580847,middle,comfort
APT-0405,2026-09-20,"Учебная улица 3, дом 27, кв. 15",Алматы,Учебный ЖК 3-3,2,65.8,32200000,8,12,2012.0,Евроремонт,489361.7021276596,middle,comfort
APT-0381,2026-07-22,"Учебная улица 5, дом 26, кв. 6",Байконыр,Учебный ЖК 5-1,2,49.6,22500000,2,9,2014.0,Евроремонт,453629.0322580645,middle,comfort
APT-0364,2026-08-15,"Учебная улица 4, дом 25, кв. 4",Сарыарка,Учебный ЖК 4-1,3,86.3,35700000,18,22,1986.0,Хорошее,413673.23290845886,middle,normal
APT-0097,2026-09-04,"Учебная улица 4, дом 7, кв. 7",Сарыарка,Учебный ЖК 4-3,1,53.7,21800000,2,5,2004.0,Хорошее,405959.03165735566,middle,normal
APT-0132,2026-09-16,"Учебная улица 4, дом 9, кв. 12",Сарыарка,Учебный ЖК 4-1,3,68.3,19000000,15,22,2006.0,Требует ремонта,278184.4802342606,middle,normal
APT-0210,2026-07-19,"Учебная улица 2, дом 14, кв. 15",Нура,Учебный ЖК 2-1,4,115.7,60100000,6,12,2000.0,Хорошее,519446.84528954193,middle,comfort
APT-0279,2026-09-15,"Учебная улица 3, дом 19, кв. 9",Алматы,Учебный ЖК 3-1,3,72.4,38600000,7,12,2003.0,Евроремонт,533149.1712707182,middle,comfort
APT-0449,2026-09-28,"Учебная улица 1, дом 30, кв. 14",Есиль,Учебный ЖК 1-2,3,79.4,41700000,21,22,1989.0,Хорошее,525188.9168765743,middle,comfort
APT-0307,2026-07-08,"Учебная улица 5, дом 21, кв. 7",Байконыр,Не указан,2,74.6,37400000,2,5,2018.0,Евроремонт,501340.48257372656,middle,comfort
APT-0146,2026-08-07,"Учебная улица 5, дом 10, кв. 11",Байконыр,Не указан,1,38.8,18200000,4,12,1988.0,Евроремонт,469072.16494845366,middle,comfort
