Advertisement_ID,Publication_Date,Apartment_Address,City_District,Residential_Complex_Name,Number_of_Rooms,Apartment_Area_m2,Apartment_Price_KZT,Apartment_Floor,Total_Building_Floors,Building_Construction_Year,Apartment_Condition
APT-0458,2026-08-11,"Учебная улица 1, дом 31, кв. 8",Есиль,Учебный ЖК 1-2,3,89.8,61700000,4,9,2003,Евроремонт
APT-0082,2026-08-08,"Учебная улица 1, дом 6, кв. 7",Есиль,Учебный ЖК 1-1,2,56.0,30400000,2,18,1979,Без отделки
APT-0170,2026-09-04,"Учебная улица 6, дом 12, кв. 5",Сарайшық,,3,70.9,33700000,2,12,1982,Евроремонт
APT-0211,2026-07-20,"Учебная улица 5, дом 15, кв. 1",Байконыр,,2,57.6,25100000,11,22,1983,Евроремонт
APT-0309,2026-07-12,"Учебная улица 4, дом 21, кв. 9",Сарыарка,,1,28.4 м²,11900000,3,16,1999,Хорошее
APT-0192,2026-08-10,"Учебная улица 1, дом 13, кв. 12",Есиль,Учебный ЖК 1-3,2,54.7,41800000,3,16,2020,Евроремонт
APT-0369,2026-09-02,"Учебная улица 3, дом 25, кв. 9",Алматы,,2,60.3,32100000,14,16,1999,Евроремонт
APT-0127,2026-09-15,"Учебная улица 2, дом 9, кв. 7",Нура,Учебный ЖК 2-1,1,36.5,23300000,6,9,1988,Евроремонт
APT-0126,2026-07-17,"Учебная улица 2, дом 9, кв. 6",Нура,Учебный ЖК 2-3,3,81.8,47100000,1,5,2013,Евроремонт
APT-0232,2026-09-12,"Учебная улица 1, дом 16, кв. 7",Есиль,Учебный ЖК 1-1,2,51.5,31000000,9,16,1990,Евроремонт
APT-0271,2026-07-30,"Учебная улица 5, дом 19, кв. 1",Байконыр,Учебный ЖК 5-2,4,97.0,40800000,9,22,1976,Евроремонт
APT-0243,2026-07-30,"Учебная улица 2, дом 17, кв. 3",Нура,Учебный ЖК 2-1,3,84.9,44700000,18,22,2004,Хорошее
APT-0270,2026-08-13,"Учебная улица 1, дом 18, кв. 15",Есиль,Учебный ЖК 1-3,2,69.8,44100000,1,5,1997,Хорошее
APT-0480,2026-07-27,"Учебная улица 2, дом 32, кв. 15",Нура,Учебный ЖК 2-3,3,79.6,36700000,3,5,1989,Хорошее
APT-0425,2026-08-31,"Учебная улица 6, дом 29, кв. 5",Сарайшық,Учебный ЖК 6-2,1,38.0,15600000,15,16,,Без отделки
APT-0428,2026-09-22,"Учебная улица 2, дом 29, кв. 8",Нура,Учебный ЖК 2-2,2,61.1,29300000,4,5,,
APT-0189,2026-08-10,"Учебная улица 2, дом 13, кв. 9",Нура,Учебный ЖК 2-3,3,91.3,44700000,5,5,2023,Без отделки
APT-0327,2026-07-20,"Учебная улица 6, дом 22, кв. 12",Сарайшық,,2,55.2,32500000,5,5,1994,Евроремонт
APT-0446,2026-09-07,"Учебная улица 1, дом 30, кв. 11",Есиль,Учебный ЖК 1-2,3,82.0,53900000,14,16,2010,Хорошее
APT-0049,2026-09-09,"Учебная улица 6, дом 4, кв. 4",Сарайшық,Учебный ЖК 6-1,2,65.8,29100000,6,22,1999,Хорошее
APT-0164,2026-07-10,"Учебная улица 2, дом 11, кв. 14",Нура,Учебный ЖК 2-2,2,51.1,23400000,7,16,2024,Без отделки
APT-0064,2026-08-23,"Учебная улица 4, дом 5, кв. 4",Сарыарка,Учебный ЖК 4-2,2,53.6,22200000,6,12,2004,Евроремонт
APT-0484,2026-08-28,"Учебная улица 5, дом 1, кв. 14",Байконыр,Учебный ЖК 5-1,3,102.1,34500000,11,22,2024,Требует ремонта
APT-0391,2026-07-26,"Учебная улица 2, дом 27, кв. 1",Нура,Учебный ЖК 2-1,1,34.0,19100000,1,18,2024,Без отделки
APT-0163,2026-08-09,"Учебная улица 6, дом 11, кв. 13",Сарайшық,Учебный ЖК 6-1,3,109.9,45400000,4,5,2008,Хорошее
APT-0298,2026-09-21,"Учебная улица 5, дом 20, кв. 13",Байконыр,Учебный ЖК 5-1,1,39.0,15700000,6,16,1999,Хорошее
APT-0472,2026-09-27,"Учебная улица 1, дом 32, кв. 7",Есиль,Учебный ЖК 1-3,4,118.0,70800000,15,16,1995,Хорошее
APT-0410,2026-07-05,"Учебная улица 5, дом 28, кв. 5",Байконыр,Учебный ЖК 5-3,2,73.4,31900000,14,16,2002,Евроремонт
APT-0274,2026-09-10,"Учебная улица 4, дом 19, кв. 4",Сарыарка,Учебный ЖК 4-3,2,70.4,21200000,2,5,1992,Требует ремонта
APT-0213,2026-09-25,"Учебная улица 3, дом 15, кв. 3",Алматы,,2,50.7,24000000,8,12,2011,Евроремонт
APT-0488,2026-09-09,"Учебная улица 6, дом 2, кв. 3",Сарайшық,Учебный ЖК 6-1,2,64.9,26100000,5,18,1979,Без отделки
APT-0319,2026-07-20,"Учебная улица 6, дом 22, кв. 4",Сарайшық,Учебный ЖК 6-2,1,35.0,15600000,8,9,2016,Хорошее
APT-0342,2026-09-20,"Учебная улица 6, дом 23, кв. 12",Сарайшық,Учебный ЖК 6-2,4,107.2,50900000,3,22,2004,Хорошее
APT-0269,2026-09-27,"Учебная улица 4, дом 18, кв. 14",Сарыарка,Учебный ЖК 4-3,4,104.9,43500000,11,16,2011,Хорошее
APT-0150,2026-09-06,"Учебная улица 6, дом 10, кв. 15",Сарайшық,Учебный ЖК 6-1,4,99.9,41600000,4,16,1980,Без отделки
APT-0466,2026-08-20,"Учебная улица 4, дом 32, кв. 1",Сарыарка,Учебный ЖК 4-3,2,57.0 м²,18 600 000 ₸,4,5,2017,Без отделки
APT-0234,2026-08-31,"Учебная улица 6, дом 16, кв. 9",Сарайшық,Учебный ЖК 6-1,1,33.3,15700000,10,12,1993,Без отделки
APT-0063,2026-07-07,"Учебная улица 1, дом 5, кв. 3",Есиль,Учебный ЖК 1-2,4,98.1,48600000,14,22,1980,Без отделки
APT-0028,2026-07-08,"Учебная улица 4, дом 2, кв. 13",Сарыарка,Учебный ЖК 4-3,3,71.0,23900000,16,18,2021,Без отделки
APT-0246,2026-09-12,"Учебная улица 5, дом 17, кв. 6",Байконыр,,1,37.2,14700000,2,5,2024,Хорошее
APT-0277,2026-08-02,"Учебная улица 3, дом 19, кв. 7",Алматы,Учебный ЖК 3-1,2,62.9 м²,23500000,10,16,1992,Хорошее
APT-0099,2026-07-01,"Учебная улица 5, дом 7, кв. 9",Байконыр,Учебный ЖК 5-2,3,86.0,40500000,11,16,2024,Евроремонт
APT-0454,2026-07-07,"Учебная улица 1, дом 31, кв. 4",Есиль,Учебный ЖК 1-3,2,56.0,28900000,1,9,2020,Без отделки
APT-0305,2026-07-27,"Учебная улица 6, дом 21, кв. 5",Сарайшық,Учебный ЖК 6-1,2,52.6,27500000,6,16,2015,Хорошее
APT-0012,2026-09-26,"Учебная улица 5, дом 1, кв. 12",Байконыр,,2,50.0,17000000,1,5,2023,Без отделки
APT-0278,2026-07-01,"Учебная улица 6, дом 19, кв. 8",Сарайшық,Учебный ЖК 6-2,3,87.8,38000000,7,18,2013,Хорошее
APT-0344,2026-09-13,"Учебная улица 6, дом 23, кв. 14",Сарайшық,Учебный ЖК 6-1,2,64.5,22900000,4,12,2003,Требует ремонта
APT-0264,2026-09-11,"Учебная улица 3, дом 18, кв. 9",Алматы,,3,73.0,30100000,3,16,1992,Хорошее
APT-0029,2026-07-24,"Учебная улица 6, дом 2, кв. 14",Сарайшық,,2,60.0,23700000,6,16,2012,Требует ремонта
APT-0352,2026-09-17,"Учебная улица 3, дом 24, кв. 7",Алматы,,1,35.1,13200000,5,12,1986,Хорошее
APT-0378,2026-07-11,"Учебная улица 2, дом 26, кв. 3",Нура,Учебный ЖК 2-3,3,89.0,57600000,2,5,2011,Евроремонт
APT-0107,2026-07-08,"Учебная улица 1, дом 8, кв. 2",Есиль,Учебный ЖК 1-2,3,82.9,45600000,10,22,1985,Евроремонт
APT-0214,2026-09-22,"Учебная улица 4, дом 15, кв. 4",Сарыарка,Учебный ЖК 4-3,2,59.4,19300000,21,22,2025,Требует ремонта
APT-0153,2026-09-13,"Учебная улица 2, дом 11, кв. 3",Нура,Учебный ЖК 2-2,3,81.2,46800000,16,22,2024,Хорошее
APT-0324,2026-08-16,"Учебная улица 1, дом 22, кв. 9",Есиль,Учебный ЖК 1-3,5,120.1,78700000,7,9,1995,Евроремонт
APT-0331,2026-08-24,"Учебная улица 3, дом 23, кв. 1",Алматы,Учебный ЖК 3-2,1,45.7,18800000,4,22,1992,Евроремонт
APT-0023,2026-07-07,"Учебная улица 4, дом 2, кв. 8",Сарыарка,,1,27.9,9 900 000 ₸,4,5,1981,Хорошее
APT-0447,2026-07-21,"Учебная улица 4, дом 30, кв. 12",Сарыарка,Учебный ЖК 4-2,3,82.2,29100000,1,5,1984,Без отделки
APT-0415,2026-09-07,"Учебная улица 6, дом 28, кв. 10",Сарайшық,Учебный ЖК 6-3,1,31.9,16200000,2,22,2020,Хорошее
APT-0002,2026-07-26,"Учебная улица 4, дом 1, кв. 2",Сарыарка,Учебный ЖК 4-3,1,30.0,9500000,4,9,1980,Хорошее
APT-0238,2026-07-08,"Учебная улица 5, дом 16, кв. 13",Байконыр,Учебный ЖК 5-3,2,65.8,24900000,5,16,1978,Хорошее
APT-0396,2026-08-09,"Учебная улица 4, дом 27, кв. 6",Сарыарка,Учебный ЖК 4-3,4,98.4,35800000,1,9,2016,Без отделки
APT-0320,2026-08-19,"Учебная улица 5, дом 22, кв. 5",Байконыр,,3,83.8,26300000,1,5,1988,Без отделки
APT-0169,2026-09-09,"Учебная улица 4, дом 12, кв. 4",Сарыарка,Учебный ЖК 4-1,4,113.9,46200000,1,12,1983,Хорошее
APT-0095,2026-09-28,"Учебная улица 5, дом 7, кв. 5",Байконыр,Учебный ЖК 5-2,3,74.5,24600000,9,12,1988,Без отделки
APT-0390,2026-07-08,"Учебная улица 2, дом 26, кв. 15",Нура,Учебный ЖК 2-3,2,66.7,44 600 000 ₸,16,22,2001,Евроремонт
APT-0037,2026-07-17,"Учебная улица 4, дом 3, кв. 7",Сарыарка,Учебный ЖК 4-3,2,62.2,19000000,9,16,2015,Требует ремонта
APT-0167,2026-08-30,"Учебная улица 6, дом 12, кв. 2",Сарайшық,Учебный ЖК 6-1,1,29.8,13800000,8,16,2022,Хорошее
APT-0159,2026-08-19,"Учебная улица 1, дом 11, кв. 9",Есиль,Учебный ЖК 1-2,2,62.8,40900000,6,16,2003,Хорошее
APT-0040,2026-08-22,"Учебная улица 2, дом 3, кв. 10",Нура,,3,91.4,63300000,3,5,2017,
APT-0050,2026-07-28,"Учебная улица 3, дом 4, кв. 5",Алматы,Учебный ЖК 3-3,2,66.0 м²,28000000,11,18,2002,Хорошее
APT-0165,2026-09-15,"Учебная улица 1, дом 11, кв. 15",Есиль,Учебный ЖК 1-2,2,47.3,32200000,3,5,2008,Евроремонт
APT-0399,2026-09-22,"Учебная улица 6, дом 27, кв. 9",Сарайшық,Учебный ЖК 6-2,1,58.0,26800000,5,12,2015,Без отделки
APT-0195,2026-09-12,"Учебная улица 5, дом 13, кв. 15",Байконыр,Учебный ЖК 5-1,4,115.4,51600000,16,22,2020,Хорошее
APT-0318,2026-07-18,"Учебная улица 1, дом 22, кв. 3",Есиль,Учебный ЖК 1-3,1,36.7,23100000,3,12,1998,Хорошее
APT-0224,2026-09-30,"Учебная улица 2, дом 15, кв. 14",Нура,Учебный ЖК 2-2,1,30.4,13300000,4,9,2008,Требует ремонта
APT-0216,2026-07-20,"Учебная улица 1, дом 15, кв. 6",Есиль,Учебный ЖК 1-2,2,62.9,29 400 000 ₸,2,5,2019,Требует ремонта
APT-0156,2026-07-12,"Учебная улица 4, дом 11, кв. 6",Сарыарка,Учебный ЖК 4-3,1,38.2,16400000,2,12,1998,Хорошее
APT-0228,2026-09-08,"Учебная улица 1, дом 16, кв. 3",Есиль,Учебный ЖК 1-3,2,76.0,46300000,3,5,2013,Без отделки
APT-0007,2026-07-10,"Учебная улица 3, дом 1, кв. 7",Алматы,Учебный ЖК 3-3,2,62.4,31400000,5,9,1997,Евроремонт
APT-0439,2026-09-25,"Учебная улица 4, дом 30, кв. 4",Сарыарка,Учебный ЖК 4-3,1,38.3,12300000,4,5,1996,Требует ремонта
APT-0464,2026-09-18,"Учебная улица 4, дом 31, кв. 14",Сарыарка,Учебный ЖК 4-1,2,65.5,24600000,4,16,1976,Хорошее
APT-0288,2026-09-25,"Учебная улица 5, дом 20, кв. 3",Байконыр,Учебный ЖК 5-3,2,67.9,27300000,8,18,2019,Хорошее
APT-0166,2026-08-16,"Учебная улица 2, дом 12, кв. 1",Нура,Учебный ЖК 2-3,1,32.8,18000000,6,18,,Евроремонт
APT-0251,2026-07-25,"Учебная улица 5, дом 17, кв. 11",Байконыр,Учебный ЖК 5-1,1,36.2,14800000,4,5,2016,Евроремонт
APT-0230,2026-07-23,"Учебная улица 6, дом 16, кв. 5",Сарайшық,,1,43.1,22700000,5,12,2022,Хорошее
APT-0366,2026-09-17,"Учебная улица 4, дом 25, кв. 6",Сарыарка,Учебный ЖК 4-1,3,90.1,30600000,2,18,2024,Без отделки
APT-0417,2026-08-08,"Учебная улица 4, дом 28, кв. 12",Сарыарка,Учебный ЖК 4-2,2,64.4,26300000,4,9,2019,Хорошее
APT-0120,2026-08-11,"Учебная улица 3, дом 8, кв. 15",Алматы,Учебный ЖК 3-3,1,36.9,17 400 000 ₸,1,16,1989,Хорошее
APT-0145,2026-07-29,"Учебная улица 5, дом 10, кв. 10",Байконыр,Учебный ЖК 5-2,1,30.1,11800000,16,18,2018,Хорошее
APT-0259,2026-09-08,"Учебная улица 4, дом 18, кв. 4",Сарыарка,Учебный ЖК 4-3,2,59.2 м²,24300000,18,22,1983,Хорошее
APT-0085,2026-09-15,"Учебная улица 2, дом 6, кв. 10",Нура,,2,65.2,29000000,2,5,2010,Требует ремонта
APT-0463,2026-08-27,"Учебная улица 1, дом 31, кв. 13",Есиль,Учебный ЖК 1-3,1,38.7,23500000,8,18,1979,Евроремонт
APT-0201,2026-08-31,"Учебная улица 2, дом 14, кв. 6",Нура,Учебный ЖК 2-1,3,74.1,41100000,18,22,2006,Без отделки
APT-0017,2026-07-11,"Учебная улица 3, дом 2, кв. 2",Алматы,Учебный ЖК 3-1,2,65.8,25600000,1,9,1994,Без отделки
APT-0281,2026-08-16,"Учебная улица 6, дом 19, кв. 11",Сарайшық,Учебный ЖК 6-1,3,73.5,32900000,7,12,1990,Без отделки
APT-0024,2026-07-14,"Учебная улица 6, дом 2, кв. 9",Сарайшық,Учебный ЖК 6-1,5,133.4,73200000,4,5,,Евроремонт
APT-0471,2026-08-06,"Учебная улица 1, дом 32, кв. 6",Есиль,Учебный ЖК 1-3,2,63.4,33800000,3,12,1996,Хорошее
APT-0053,2026-09-22,"Учебная улица 1, дом 4, кв. 8",Есиль,Учебный ЖК 1-3,2,67.9,38000000,13,22,,Хорошее
APT-0058,2026-08-19,"Учебная улица 3, дом 4, кв. 13",Алматы,Учебный ЖК 3-3,1,22,6900000,9,12,1996,Требует ремонта
APT-0155,2026-08-09,"Учебная улица 2, дом 11, кв. 5",Нура,Учебный ЖК 2-2,2,48.9,22800000,10,12,2025,Требует ремонта
APT-0076,2026-08-30,"Учебная улица 1, дом 6, кв. 1",Есиль,,1,41.5,24100000,8,16,1989,Хорошее
APT-0202,2026-08-29,"Учебная улица 6, дом 14, кв. 7",Сарайшық,Учебный ЖК 6-1,2,65.7,27400000,1,5,2004,Без отделки
APT-0443,2026-09-04,"Учебная улица 3, дом 30, кв. 8",Алматы,Учебный ЖК 3-2,2,56.3,25900000,7,9,1983,Хорошее
APT-0341,2026-09-05,"Учебная улица 4, дом 23, кв. 11",Сарыарка,Учебный ЖК 4-2,4,112.4,52300000,1,5,1992,Евроремонт
APT-0255,2026-08-30,"Учебная улица 4, дом 17, кв. 15",Сарыарка,Учебный ЖК 4-2,2,55.9,23000000,16,18,1998,Хорошее
APT-0476,2026-09-14,"Учебная улица 6, дом 32, кв. 11",Сарайшық,Учебный ЖК 6-1,1,45.8,23500000,1,18,1976,Евроремонт
APT-0152,2026-07-23,"Учебная улица 3, дом 11, кв. 2",Алматы,Учебный ЖК 3-3,2,54.3,18400000,4,9,2016,Требует ремонта
APT-0416,2026-09-27,"Учебная улица 1, дом 28, кв. 11",Есиль,,2,59.9,28700000,4,22,1978,Хорошее
APT-0078,2026-08-05,"Учебная улица 2, дом 6, кв. 3",Нура,Учебный ЖК 2-3,2,59.8,32400000,6,18,2022,Без отделки
APT-0374,2026-07-20,"Учебная улица 3, дом 25, кв. 14",Алматы,Учебный ЖК 3-1,2,78.9,35700000,4,5,1981,Хорошее
APT-0140,2026-09-27,"Учебная улица 4, дом 10, кв. 5",Сарыарка,Учебный ЖК 4-2,3,91.6,33500000,18,18,2024,Требует ремонта
APT-0459,2026-07-06,"Учебная улица 1, дом 31, кв. 9",Есиль,Учебный ЖК 1-2,2,53.7,34900000,9,12,2008,Евроремонт
APT-0245,2026-08-26,"Учебная улица 2, дом 17, кв. 5",Нура,Учебный ЖК 2-1,1,37.7,16 400 000 ₸,2,22,2013,Без отделки
APT-0302,2026-09-08,"Учебная улица 5, дом 21, кв. 2",Байконыр,Учебный ЖК 5-2,3,78.3,30 700 000 ₸,4,16,2024,Хорошее
APT-0007,2026-07-10,"Учебная улица 3, дом 1, кв. 7",Алматы,Учебный ЖК 3-3,2,62.4,31400000,5,9,1997,Евроремонт
APT-0389,2026-09-21,"Учебная улица 1, дом 26, кв. 14",Есиль,Учебный ЖК 1-1,4,108.9,58000000,11,16,2022,Без отделки
APT-0044,2026-09-07,"Учебная улица 1, дом 3, кв. 14",Есиль,,4,109.7,65800000,11,12,1992,Хорошее
APT-0250,2026-08-23,"Учебная улица 2, дом 17, кв. 10",Нура,Учебный ЖК 2-3,2,58.1,37200000,8,9,2020,
APT-0011,2026-07-29,"Учебная улица 3, дом 1, кв. 11",Алматы,Учебный ЖК 3-1,1,35.7,17400000,14,18,2022,Евроремонт
APT-0010,2026-08-28,"Учебная улица 5, дом 1, кв. 10",Байконыр,,3,96.2,42500000,8,9,1995,Хорошее
APT-0117,2026-08-29,"Учебная улица 5, дом 8, кв. 12",Байконыр,Учебный ЖК 5-1,4,111.0,54500000,12,12,2005,Евроремонт
APT-0339,2026-09-27,"Учебная улица 5, дом 23, кв. 9",Байконыр,,3,84.0,34900000,2,5,2001,Хорошее
APT-0429,2026-08-13,"Учебная улица 1, дом 29, кв. 9",Есиль,Учебный ЖК 1-3,3,78.0,46 900 000 ₸,19,22,2011,Без отделки
APT-0372,2026-09-16,"Учебная улица 5, дом 25, кв. 12",Байконыр,Учебный ЖК 5-2,5,131.1,55200000,1,22,2005,Хорошее
APT-0079,2026-07-02,"Учебная улица 5, дом 6, кв. 4",Байконыр,Учебный ЖК 5-3,4,101.6,32000000,5,9,1981,Без отделки
APT-0172,2026-07-19,"Учебная улица 1, дом 12, кв. 7",Есиль,Учебный ЖК 1-1,2,52.1,33600000,2,12,1976,Евроремонт
APT-0345,2026-08-09,"Учебная улица 2, дом 23, кв. 15",Нура,Учебный ЖК 2-2,1,29.4,15700000,12,18,1982,Евроремонт
APT-0398,2026-08-06,"Учебная улица 4, дом 27, кв. 8",Сарыарка,Учебный ЖК 4-2,2,63.6,23600000,12,18,1975,Хорошее
APT-0043,2026-08-12,"Учебная улица 2, дом 3, кв. 13",Нура,Учебный ЖК 2-2,3,77.4,32 900 000 ₸,4,9,2025,Требует ремонта
APT-0272,2026-08-01,"Учебная улица 5, дом 19, кв. 2",Байконыр,Учебный ЖК 5-3,4,116.3,39 600 000 ₸,7,9,2002,Требует ремонта
APT-0373,2026-08-03,"Учебная улица 2, дом 25, кв. 13",Нура,,1,25.4,16400000,18,22,2001,Евроремонт
APT-0074,2026-08-05,"Учебная улица 4, дом 5, кв. 14",Сарыарка,,1,44.6,19700000,5,12,1991,Евроремонт
APT-0455,2026-07-29,"Учебная улица 5, дом 31, кв. 5",Байконыр,Учебный ЖК 5-1,3,79.5,34500000,2,12,2010,
APT-0021,2026-08-12,"Учебная улица 5, дом 2, кв. 6",Байконыр,,1,36.6,10700000,2,5,,Требует ремонта
APT-0115,2026-07-12,"Учебная улица 2, дом 8, кв. 10",Нура,Учебный ЖК 2-2,3,93.5,53100000,2,16,1994,
APT-0171,2026-07-31,"Учебная улица 4, дом 12, кв. 6",Сарыарка,Учебный ЖК 4-2,1,48.5,15000000,4,5,1997,Требует ремонта
APT-0131,2026-08-31,"Учебная улица 5, дом 9, кв. 11",Байконыр,Учебный ЖК 5-2,1,39.3,13 900 000 ₸,8,12,2008,Хорошее
APT-0222,2026-08-02,"Учебная улица 2, дом 15, кв. 12",Нура,Учебный ЖК 2-3,2,54.9,28800000,3,22,1993,Хорошее
APT-0091,2026-08-05,"Учебная улица 1, дом 7, кв. 1",Есиль,Учебный ЖК 1-1,5,129.0 м²,70200000,8,9,1977,Хорошее
APT-0073,2026-08-11,"Учебная улица 2, дом 5, кв. 13",Нура,Учебный ЖК 2-1,3,98.1,51800000,13,16,1990,Хорошее
APT-0237,2026-09-01,"Учебная улица 2, дом 16, кв. 12",Нура,Учебный ЖК 2-1,2,64.2,37400000,4,16,2008,Хорошее
APT-0465,2026-07-12,"Учебная улица 6, дом 31, кв. 15",Сарайшық,Учебный ЖК 6-2,2,59.1,29 800 000 ₸,3,5,,
APT-0184,2026-09-16,"Учебная улица 3, дом 13, кв. 4",Алматы,Учебный ЖК 3-1,4,120.4,52000000,2,12,2008,Евроремонт
APT-0335,2026-08-17,"Учебная улица 6, дом 23, кв. 5",Сарайшық,Учебный ЖК 6-1,3,77.8,29100000,11,22,,
APT-0032,2026-07-10,"Учебная улица 4, дом 3, кв. 2",Сарыарка,Учебный ЖК 4-1,1,41.1,17300000,8,12,2016,Хорошее
APT-0323,2026-07-10,"Учебная улица 6, дом 22, кв. 8",Сарайшық,,1,51.9,23100000,4,16,2006,Без отделки
APT-0384,2026-07-20,"Учебная улица 1, дом 26, кв. 9",Есиль,Учебный ЖК 1-1,3,69.6,41400000,17,18,2014,Евроремонт
APT-0409,2026-07-12,"Учебная улица 1, дом 28, кв. 4",Есиль,Учебный ЖК 1-1,1,34.0,20500000,6,18,1985,Хорошее
APT-0160,2026-09-10,"Учебная улица 3, дом 11, кв. 10",Алматы,Учебный ЖК 3-3,3,89.3,35000000,21,22,1978,Хорошее
APT-0187,2026-08-26,"Учебная улица 6, дом 13, кв. 7",Сарайшық,Учебный ЖК 6-1,3,74.6,33700000,1,9,2018,Без отделки
APT-0168,2026-09-03,"Учебная улица 3, дом 12, кв. 3",Алматы,Учебный ЖК 3-3,3,86.3,45800000,15,16,2011,Евроремонт
APT-0154,2026-09-19,"Учебная улица 6, дом 11, кв. 4",Сарайшық,Учебный ЖК 6-2,4,103.9,53100000,21,22,2011,Евроремонт
APT-0240,2026-07-18,"Учебная улица 1, дом 16, кв. 15",Есиль,Учебный ЖК 1-3,2,61.6,27300000,4,5,1978,Требует ремонта
APT-0473,2026-09-30,"Учебная улица 2, дом 32, кв. 8",Нура,,2,55.4,32400000,1,9,2002,Хорошее
APT-0086,2026-09-26,"Учебная улица 3, дом 6, кв. 11",Алматы,,1,38.9,18200000,10,22,1993,Евроремонт
APT-0198,2026-09-09,"Учебная улица 6, дом 14, кв. 3",Сарайшық,,1,31.8,14200000,2,12,2008,Без отделки
APT-0025,2026-09-09,"Учебная улица 2, дом 2, кв. 10",Нура,Учебный ЖК 2-1,1,28.1,14700000,8,16,1992,Евроремонт
APT-0400,2026-09-15,"Учебная улица 2, дом 27, кв. 10",Нура,Учебный ЖК 2-2,1,45.3,31100000,1,9,2023,Евроремонт
APT-0066,2026-09-11,"Учебная улица 2, дом 5, кв. 6",Нура,,3,81.4,42600000,4,9,2014,Без отделки
APT-0056,2026-07-21,"Учебная улица 4, дом 4, кв. 11",Сарыарка,Учебный ЖК 4-3,3,99.5 м²,44700000,14,18,2021,Евроремонт
APT-0016,2026-07-01,"Учебная улица 5, дом 2, кв. 1",Байконыр,Учебный ЖК 5-3,1,45.4,22700000,9,9,1998,Евроремонт
APT-0042,2026-08-30,"Учебная улица 6, дом 3, кв. 12",Сарайшық,Учебный ЖК 6-1,3,77.2,31100000,2,9,1992,Хорошее
APT-0325,2026-07-06,"Учебная улица 6, дом 22, кв. 10",Сарайшық,Учебный ЖК 6-1,1,22,7600000,5,5,,Требует ремонта
APT-0102,2026-09-22,"Учебная улица 3, дом 7, кв. 12",Алматы,Учебный ЖК 3-1,3,81.6,44200000,13,16,2020,Евроремонт
APT-0013,2026-07-15,"Учебная улица 5, дом 1, кв. 13",Байконыр,Учебный ЖК 5-3,1,22,8600000,9,12,2008,Евроремонт
APT-0461,2026-09-28,"Учебная улица 1, дом 31, кв. 11",Есиль,Учебный ЖК 1-3,3,86.8,50500000,14,22,1988,Евроремонт
APT-0257,2026-08-01,"Учебная улица 5, дом 18, кв. 2",Байконыр,Учебный ЖК 5-2,4,100.7,35800000,6,9,1984,
APT-0065,2026-07-04,"Учебная улица 1, дом 5, кв. 5",Есиль,Учебный ЖК 1-1,2,60.0,40400000,2,9,1997,Евроремонт
APT-0077,2026-07-16,"Учебная улица 5, дом 6, кв. 2",Байконыр,,2,70.1 м²,23300000,15,22,1997,Без отделки
APT-0316,2026-09-14,"Учебная улица 4, дом 22, кв. 1",Сарыарка,Учебный ЖК 4-1,3,89.9,28200000,1,5,2020,Без отделки
APT-0231,2026-08-11,"Учебная улица 6, дом 16, кв. 6",Сарайшық,Учебный ЖК 6-1,4,112.5,41100000,4,16,1980,Без отделки
APT-0137,2026-08-22,"Учебная улица 1, дом 10, кв. 2",Есиль,Учебный ЖК 1-2,3,81.1,47100000,18,18,1978,Хорошее
APT-0340,2026-07-31,"Учебная улица 3, дом 23, кв. 10",Алматы,Учебный ЖК 3-2,1,36.9,13600000,10,16,2017,Требует ремонта
APT-0376,2026-09-23,"Учебная улица 3, дом 26, кв. 1",Алматы,Учебный ЖК 3-2,4,115.8,55900000,3,5,2005,Евроремонт
APT-0440,2026-07-07,"Учебная улица 1, дом 30, кв. 5",Есиль,Учебный ЖК 1-3,3,79.4,44 700 000 ₸,5,16,2003,Евроремонт
APT-0420,2026-08-31,"Учебная улица 6, дом 28, кв. 15",Сарайшық,Учебный ЖК 6-2,2,73.7,30800000,5,5,1985,Хорошее
APT-0249,2026-08-30,"Учебная улица 6, дом 17, кв. 9",Сарайшық,Учебный ЖК 6-1,2,47.8,24100000,5,9,2001,Хорошее
APT-0406,2026-08-18,"Учебная улица 5, дом 28, кв. 1",Байконыр,Учебный ЖК 5-3,4,103.0,43500000,7,16,,
APT-0433,2026-08-10,"Учебная улица 5, дом 29, кв. 13",Байконыр,Учебный ЖК 5-1,3,79.2,26200000,15,16,2004,Требует ремонта
APT-0122,2026-09-28,"Учебная улица 4, дом 9, кв. 2",Сарыарка,Учебный ЖК 4-3,1,29.3,10500000,5,18,1990,Хорошее
APT-0291,2026-09-25,"Учебная улица 6, дом 20, кв. 6",Сарайшық,Учебный ЖК 6-1,2,62.2,35500000,1,5,2020,Евроремонт
APT-0330,2026-09-05,"Учебная улица 1, дом 22, кв. 15",Есиль,,3,88.4,50900000,2,5,2019,Хорошее
APT-0051,2026-08-12,"Учебная улица 4, дом 4, кв. 6",Сарыарка,Учебный ЖК 4-1,3,96.6,39 400 000 ₸,3,5,2017,Хорошее
APT-0385,2026-08-14,"Учебная улица 5, дом 26, кв. 10",Байконыр,Учебный ЖК 5-2,2,61.0,29000000,4,18,1981,Евроремонт
APT-0111,2026-08-18,"Учебная улица 3, дом 8, кв. 6",Алматы,,3,78.6,33300000,7,9,1994,Евроремонт
APT-0143,2026-09-18,"Учебная улица 3, дом 10, кв. 8",Алматы,Учебный ЖК 3-1,1,33.3,14800000,3,18,2011,Евроремонт
APT-0215,2026-09-26,"Учебная улица 5, дом 15, кв. 5",Байконыр,Учебный ЖК 5-1,1,44.7 м²,19700000,20,22,2008,Евроремонт
APT-0070,2026-08-23,"Учебная улица 3, дом 5, кв. 10",Алматы,Учебный ЖК 3-2,2,72.4,30800000,2,12,2017,Хорошее
APT-0368,2026-09-27,"Учебная улица 6, дом 25, кв. 8",Сарайшық,,3,82.3,30400000,8,12,2021,Требует ремонта
APT-0407,2026-08-28,"Учебная улица 3, дом 28, кв. 2",Алматы,,2,63.1,32900000,7,12,1987,Евроремонт
APT-0059,2026-08-19,"Учебная улица 2, дом 4, кв. 14",Нура,,3,91.5,45100000,14,16,2009,Требует ремонта
APT-0239,2026-08-14,"Учебная улица 4, дом 16, кв. 14",Сарыарка,Учебный ЖК 4-3,3,83.4,27200000,2,5,1991,Хорошее
APT-0427,2026-09-26,"Учебная улица 4, дом 29, кв. 7",Сарыарка,,4,97.7,43100000,7,9,2003,Евроремонт
APT-0034,2026-09-22,"Учебная улица 3, дом 3, кв. 4",Алматы,Учебный ЖК 3-3,2,58.6,28800000,10,18,2003,Хорошее
APT-0380,2026-09-30,"Учебная улица 6, дом 26, кв. 5",Сарайшық,Учебный ЖК 6-1,3,90.9,38 100 000 ₸,8,18,,Хорошее
APT-0419,2026-07-26,"Учебная улица 6, дом 28, кв. 14",Сарайшық,,3,81.1,47200000,4,9,2006,
APT-0431,2026-08-30,"Учебная улица 6, дом 29, кв. 11",Сарайшық,Учебный ЖК 6-2,3,92.9,40600000,1,5,2014,Хорошее
APT-0072,2026-08-04,"Учебная улица 5, дом 5, кв. 12",Байконыр,Учебный ЖК 5-2,3,96.8,42000000,15,16,2009,
APT-0280,2026-08-10,"Учебная улица 3, дом 19, кв. 10",Алматы,Учебный ЖК 3-2,2,70.9,35800000,8,9,2019,Хорошее
APT-0477,2026-09-14,"Учебная улица 1, дом 32, кв. 12",Есиль,Учебный ЖК 1-3,2,31.9,17200000,5,22,2005,Хорошее
APT-0096,2026-07-02,"Учебная улица 1, дом 7, кв. 6",Есиль,,1,26.4,16700000,8,18,2015,Евроремонт
APT-0386,2026-07-19,"Учебная улица 3, дом 26, кв. 11",Алматы,Учебный ЖК 3-3,2,41.1 м²,13700000,16,18,2006,Требует ремонта
APT-0180,2026-07-09,"Учебная улица 2, дом 12, кв. 15",Нура,Учебный ЖК 2-3,3,72.8,44 300 000 ₸,16,16,2018,Хорошее
APT-0108,2026-07-24,"Учебная улица 3, дом 8, кв. 3",Алматы,,2,56.5,24700000,9,9,1984,Хорошее
APT-0226,2026-07-05,"Учебная улица 3, дом 16, кв. 1",Алматы,Учебный ЖК 3-1,3,99.7,43100000,5,5,2024,
APT-0317,2026-07-12,"Учебная улица 5, дом 22, кв. 2",Байконыр,Учебный ЖК 5-3,3,96.3,34300000,5,16,1982,Хорошее
APT-0273,2026-07-01,"Учебная улица 1, дом 19, кв. 3",Есиль,Учебный ЖК 1-2,1,43.1 м²,22900000,7,9,2015,Хорошее
APT-0218,2026-09-08,"Учебная улица 6, дом 15, кв. 8",Сарайшық,Учебный ЖК 6-2,2,59.9,28 400 000 ₸,3,12,1999,Хорошее
APT-0329,2026-07-23,"Учебная улица 2, дом 22, кв. 14",Нура,Учебный ЖК 2-1,1,43.3,25200000,2,18,2004,Хорошее
APT-0088,2026-08-06,"Учебная улица 1, дом 6, кв. 13",Есиль,,1,27.7,19300000,10,12,2025,Евроремонт
APT-0220,2026-08-10,"Учебная улица 3, дом 15, кв. 10",Алматы,Учебный ЖК 3-2,1,24.7,10 000 000 ₸,12,12,1994,Без отделки
APT-0487,2026-07-11,"Учебная улица 3, дом 2, кв. 2",Алматы,Учебный ЖК 3-1,2,65.8,25600000,1,9,1994,Без отделки
APT-0069,2026-09-11,"Учебная улица 6, дом 5, кв. 9",Сарайшық,,3,84.6,47 600 000 ₸,20,22,1994,Евроремонт
APT-0436,2026-08-27,"Учебная улица 4, дом 30, кв. 1",Сарыарка,Учебный ЖК 4-1,2,47.2,20200000,16,18,2024,Евроремонт
APT-0068,2026-07-10,"Учебная улица 5, дом 5, кв. 8",Байконыр,,1,31.2,13100000,13,18,1994,Хорошее
APT-0333,2026-07-06,"Учебная улица 5, дом 23, кв. 3",Байконыр,Учебный ЖК 5-1,1,43.6,16 100 000 ₸,4,22,,Без отделки
APT-0294,2026-07-14,"Учебная улица 1, дом 20, кв. 9",Есиль,,3,94.8,52700000,12,12,1988,Евроремонт
APT-0067,2026-08-09,"Учебная улица 4, дом 5, кв. 7",Сарыарка,Учебный ЖК 4-1,3,84.5 м²,33400000,4,22,2013,Евроремонт
APT-0157,2026-09-22,"Учебная улица 5, дом 11, кв. 7",Байконыр,Учебный ЖК 5-1,2,50.1,22900000,2,22,2025,Хорошее
APT-0093,2026-08-11,"Учебная улица 2, дом 7, кв. 3",Нура,,2,57.7,29500000,2,18,2000,Хорошее
APT-0084,2026-07-27,"Учебная улица 5, дом 6, кв. 9",Байконыр,Учебный ЖК 5-3,5,121.1,51100000,2,18,1994,Хорошее
APT-0026,2026-07-22,"Учебная улица 1, дом 2, кв. 11",Есиль,Учебный ЖК 1-2,3,86.7,62900000,1,5,2009,Евроремонт
APT-0149,2026-09-18,"Учебная улица 4, дом 10, кв. 14",Сарыарка,Учебный ЖК 4-2,2,57.9,21600000,1,16,1982,Евроремонт
APT-0350,2026-07-17,"Учебная улица 5, дом 24, кв. 5",Байконыр,Учебный ЖК 5-1,2,54.4,19500000,1,5,1979,Без отделки
APT-0054,2026-09-28,"Учебная улица 1, дом 4, кв. 9",Есиль,Учебный ЖК 1-3,4,101.1,60000000,4,5,2024,Без отделки
APT-0173,2026-07-11,"Учебная улица 1, дом 12, кв. 8",Есиль,Учебный ЖК 1-1,2,65.9,31800000,16,22,1983,Хорошее
APT-0354,2026-09-30,"Учебная улица 6, дом 24, кв. 9",Сарайшық,Учебный ЖК 6-2,4,115.9,70500000,9,9,2008,Евроремонт
APT-0382,2026-07-19,"Учебная улица 2, дом 26, кв. 7",Нура,Учебный ЖК 2-3,1,34.9,18600000,4,5,2002,Без отделки
APT-0444,2026-09-18,"Учебная улица 6, дом 30, кв. 9",Сарайшық,Учебный ЖК 6-3,2,65.6,28000000,18,22,1995,Хорошее
APT-0482,2026-09-26,"Учебная улица 5, дом 1, кв. 12",Байконыр,,2,50.0,17000000,1,5,2023,Без отделки
APT-0313,2026-08-28,"Учебная улица 6, дом 21, кв. 13",Сарайшық,Учебный ЖК 6-1,3,94.8,45500000,1,5,2004,Евроремонт
APT-0408,2026-08-10,"Учебная улица 3, дом 28, кв. 3",Алматы,Учебный ЖК 3-3,3,80.7,38300000,4,5,1986,Хорошее
APT-0370,2026-07-05,"Учебная улица 3, дом 25, кв. 10",Алматы,Учебный ЖК 3-2,2,60.3,19800000,8,16,1981,Без отделки
APT-0031,2026-07-31,"Учебная улица 1, дом 3, кв. 1",Есиль,Учебный ЖК 1-2,3,74.7,42000000,5,12,2008,Без отделки
APT-0347,2026-07-23,"Учебная улица 3, дом 24, кв. 2",Алматы,Учебный ЖК 3-1,1,30.9,12400000,2,18,2000,Хорошее
APT-0363,2026-08-25,"Учебная улица 6, дом 25, кв. 3",Сарайшық,Учебный ЖК 6-3,4,105.1,58200000,3,12,1994,Евроремонт
APT-0199,2026-09-16,"Учебная улица 2, дом 14, кв. 4",Нура,Учебный ЖК 2-2,3,81.3,42200000,3,9,,Без отделки
APT-0292,2026-08-29,"Учебная улица 6, дом 20, кв. 7",Сарайшық,Учебный ЖК 6-1,1,37.0,16600000,6,18,,Хорошее
APT-0221,2026-08-20,"Учебная улица 3, дом 15, кв. 11",Алматы,Учебный ЖК 3-2,2,71.7,29 400 000 ₸,5,5,1993,Хорошее
APT-0101,2026-08-22,"Учебная улица 3, дом 7, кв. 11",Алматы,Учебный ЖК 3-1,2,51.5,20300000,4,9,1995,Хорошее
APT-0089,2026-07-06,"Учебная улица 1, дом 6, кв. 14",Есиль,Учебный ЖК 1-2,2,57.3,28900000,18,18,1992,Хорошее
APT-0321,2026-08-06,"Учебная улица 4, дом 22, кв. 6",Сарыарка,Учебный ЖК 4-3,2,64.1,24800000,9,9,1980,Хорошее
APT-0009,2026-07-09,"Учебная улица 5, дом 1, кв. 9",Байконыр,Учебный ЖК 5-1,1,29.8 м²,12400000,1,9,1978,Евроремонт
APT-0139,2026-09-12,"Учебная улица 5, дом 10, кв. 4",Байконыр,Учебный ЖК 5-1,2,65.2,26900000,9,12,1981,Хорошее
APT-0241,2026-09-23,"Учебная улица 6, дом 17, кв. 1",Сарайшық,Учебный ЖК 6-3,3,61.9,30500000,13,16,,Хорошее
APT-0367,2026-09-20,"Учебная улица 6, дом 25, кв. 7",Сарайшық,Учебный ЖК 6-1,2,64.1,29900000,2,5,2022,Хорошее
APT-0109,2026-08-28,"Учебная улица 2, дом 8, кв. 4",Нура,,1,43.7,21600000,5,16,1990,Без отделки
APT-0293,2026-08-24,"Учебная улица 4, дом 20, кв. 8",Сарыарка,Учебный ЖК 4-2,3,88.6,37200000,5,5,2000,Евроремонт
APT-0297,2026-08-19,"Учебная улица 5, дом 20, кв. 12",Байконыр,Учебный ЖК 5-2,1,38.7,13800000,2,5,,Хорошее
APT-0014,2026-08-28,"Учебная улица 5, дом 1, кв. 14",Байконыр,Учебный ЖК 5-1,3,102.1,34500000,11,22,2024,Требует ремонта
APT-0010,2026-08-28,"Учебная улица 5, дом 1, кв. 10",Байконыр,,3,96.2,42500000,8,9,1995,Хорошее
APT-0322,2026-08-20,"Учебная улица 1, дом 22, кв. 7",Есиль,Учебный ЖК 1-2,3,89.0,53500000,4,12,2017,Хорошее
APT-0003,2026-07-20,"Учебная улица 6, дом 1, кв. 3",Сарайшық,Учебный ЖК 6-1,3,76.4,33800000,2,5,1992,Хорошее
APT-0057,2026-07-10,"Учебная улица 4, дом 4, кв. 12",Сарыарка,Учебный ЖК 4-3,2,60.2,21100000,16,18,1992,Хорошее
APT-0441,2026-07-14,"Учебная улица 4, дом 30, кв. 6",Сарыарка,Учебный ЖК 4-2,3,74.5 м²,27000000,19,22,1986,Без отделки
APT-0144,2026-08-04,"Учебная улица 6, дом 10, кв. 9",Сарайшық,,1,42.6,19800000,14,22,2003,Хорошее
APT-0456,2026-08-14,"Учебная улица 5, дом 31, кв. 6",Байконыр,Учебный ЖК 5-1,1,49.4,19500000,7,9,2007,Хорошее
APT-0252,2026-09-14,"Учебная улица 3, дом 17, кв. 12",Алматы,Учебный ЖК 3-3,2,65.4,29500000,2,18,2013,Евроремонт
APT-0141,2026-09-23,"Учебная улица 1, дом 10, кв. 6",Есиль,Учебный ЖК 1-2,1,34.0,15800000,1,12,,Без отделки
APT-0393,2026-09-14,"Учебная улица 4, дом 27, кв. 3",Сарыарка,,3,85.4,32 100 000 ₸,15,16,1998,Без отделки
APT-0303,2026-08-01,"Учебная улица 5, дом 21, кв. 3",Байконыр,,3,96.3,35100000,7,9,2009,Требует ремонта
APT-0191,2026-07-16,"Учебная улица 3, дом 13, кв. 11",Алматы,Учебный ЖК 3-1,3,82.4,40700000,12,12,2014,Евроремонт
APT-0310,2026-07-01,"Учебная улица 5, дом 21, кв. 10",Байконыр,Учебный ЖК 5-3,3,75.7,33500000,8,12,2019,
APT-0022,2026-09-12,"Учебная улица 5, дом 2, кв. 7",Байконыр,Учебный ЖК 5-3,1,39.0,17100000,7,16,2017,Хорошее
APT-0004,2026-07-06,"Учебная улица 3, дом 1, кв. 4",Алматы,Учебный ЖК 3-3,1,40.2,19900000,3,5,1999,
APT-0253,2026-07-16,"Учебная улица 6, дом 17, кв. 13",Сарайшық,Учебный ЖК 6-3,2,44.0,16900000,1,12,1996,Без отделки
APT-0432,2026-09-03,"Учебная улица 2, дом 29, кв. 12",Нура,Учебный ЖК 2-1,1,48.0,24600000,4,12,2006,Хорошее
APT-0062,2026-09-18,"Учебная улица 6, дом 5, кв. 2",Сарайшық,Учебный ЖК 6-3,3,69.7,41000000,6,22,2000,Евроремонт
APT-0332,2026-07-08,"Учебная улица 5, дом 23, кв. 2",Байконыр,,1,46.0,19200000,3,18,2020,Хорошее
APT-0474,2026-08-15,"Учебная улица 6, дом 32, кв. 9",Сарайшық,Учебный ЖК 6-2,2,65.2,33800000,6,9,1998,Евроремонт
APT-0183,2026-09-27,"Учебная улица 3, дом 13, кв. 3",Алматы,Учебный ЖК 3-2,1,24.7,10100000,13,16,2022,Хорошее
APT-0445,2026-08-11,"Учебная улица 3, дом 30, кв. 10",Алматы,,3,87.8,41400000,6,22,2020,
APT-0435,2026-07-07,"Учебная улица 5, дом 29, кв. 15",Байконыр,Учебный ЖК 5-1,4,97.1,42700000,8,9,2010,Евроремонт
APT-0304,2026-07-31,"Учебная улица 1, дом 21, кв. 4",Есиль,,2,63.3,36500000,4,5,1997,Евроремонт
APT-0001,2026-07-12,"Учебная улица 6, дом 1, кв. 1",Сарайшық,Учебный ЖК 6-3,1,35.7 м²,18000000,4,22,1983,Хорошее
APT-0136,2026-07-12,"Учебная улица 3, дом 10, кв. 1",Алматы,,2,54.7,20400000,16,22,1984,Требует ремонта
APT-0124,2026-09-26,"Учебная улица 6, дом 9, кв. 4",Сарайшық,Учебный ЖК 6-2,2,43.5,20500000,8,16,2003,Евроремонт
APT-0121,2026-07-05,"Учебная улица 2, дом 9, кв. 1",Нура,Учебный ЖК 2-2,3,78.1,39400000,11,12,2019,Хорошее
APT-0355,2026-09-15,"Учебная улица 4, дом 24, кв. 10",Сарыарка,Учебный ЖК 4-1,2,42.4,12800000,7,12,2007,Без отделки
APT-0256,2026-07-03,"Учебная улица 2, дом 18, кв. 1",Нура,Учебный ЖК 2-2,2,54.5,35300000,5,5,2001,Евроремонт
APT-0098,2026-07-25,"Учебная улица 3, дом 7, кв. 8",Алматы,Учебный ЖК 3-3,2,59.1,23100000,8,16,2005,Хорошее
APT-0094,2026-09-05,"Учебная улица 4, дом 7, кв. 4",Сарыарка,,3,77.8,24600000,18,22,1975,Хорошее
APT-0138,2026-08-15,"Учебная улица 6, дом 10, кв. 3",Сарайшық,Учебный ЖК 6-1,4,111.0,60300000,2,22,2002,Евроремонт
APT-0112,2026-08-05,"Учебная улица 3, дом 8, кв. 7",Алматы,Учебный ЖК 3-1,2,62.8,32800000,1,12,2019,Евроремонт
APT-0182,2026-09-22,"Учебная улица 3, дом 13, кв. 2",Алматы,Учебный ЖК 3-2,1,49.5,23700000,5,9,2016,Хорошее
APT-0161,2026-08-14,"Учебная улица 4, дом 11, кв. 11",Сарыарка,Учебный ЖК 4-2,2,58.1,19400000,6,9,2013,Требует ремонта
APT-0244,2026-09-17,"Учебная улица 4, дом 17, кв. 4",Сарыарка,Учебный ЖК 4-1,2,37.8 м²,12100000,2,9,1992,Требует ремонта
APT-0452,2026-09-26,"Учебная улица 5, дом 31, кв. 2",Байконыр,Учебный ЖК 5-1,2,71.1,23900000,4,9,,
APT-0284,2026-09-13,"Учебная улица 2, дом 19, кв. 14",Нура,Учебный ЖК 2-2,3,81.4,47400000,3,16,2025,Хорошее
APT-0039,2026-07-06,"Учебная улица 5, дом 3, кв. 9",Байконыр,Учебный ЖК 5-2,1,29.1,13000000,1,9,2002,Хорошее
APT-0176,2026-08-15,"Учебная улица 6, дом 12, кв. 11",Сарайшық,,2,66.9,23900000,5,22,1990,Без отделки
APT-0361,2026-08-11,"Учебная улица 1, дом 25, кв. 1",Есиль,Учебный ЖК 1-1,2,49.1,34700000,6,22,,Евроремонт
APT-0048,2026-08-11,"Учебная улица 3, дом 4, кв. 3",Алматы,Учебный ЖК 3-2,3,79.2 м²,34400000,10,22,1982,Хорошее
APT-0148,2026-08-10,"Учебная улица 4, дом 10, кв. 13",Сарыарка,Учебный ЖК 4-3,3,79.0,25300000,1,16,1977,Хорошее
APT-0128,2026-09-23,"Учебная улица 3, дом 9, кв. 8",Алматы,Учебный ЖК 3-1,3,78.6,26800000,9,9,1984,Без отделки
APT-0404,2026-07-29,"Учебная улица 5, дом 27, кв. 14",Байконыр,Учебный ЖК 5-3,3,88.6,31800000,11,22,1986,Хорошее
APT-0005,2026-09-12,"Учебная улица 4, дом 1, кв. 5",Сарыарка,Учебный ЖК 4-1,2,67.7,28900000,11,12,2010,Хорошее
APT-0467,2026-09-09,"Учебная улица 3, дом 32, кв. 2",Алматы,Учебный ЖК 3-3,4,115.4,58700000,21,22,2025,Хорошее
APT-0375,2026-07-22,"Учебная улица 3, дом 25, кв. 15",Алматы,Учебный ЖК 3-3,1,48.7,16800000,16,18,2015,Без отделки
APT-0360,2026-09-06,"Учебная улица 3, дом 24, кв. 15",Алматы,Учебный ЖК 3-2,1,22,7500000,1,5,1977,Без отделки
APT-0457,2026-09-22,"Учебная улица 2, дом 31, кв. 7",Нура,,3,80.7,46400000,17,18,2023,Хорошее
APT-0478,2026-09-23,"Учебная улица 3, дом 32, кв. 13",Алматы,Учебный ЖК 3-1,1,28.1,12300000,3,18,2007,Хорошее
APT-0434,2026-07-01,"Учебная улица 4, дом 29, кв. 14",Сарыарка,Учебный ЖК 4-1,3,87.3,32100000,4,5,1976,Хорошее
APT-0113,2026-07-30,"Учебная улица 5, дом 8, кв. 8",Байконыр,,3,87.8,44900000,16,22,2013,Евроремонт
APT-0196,2026-07-17,"Учебная улица 2, дом 14, кв. 1",Нура,Учебный ЖК 2-3,4,111.2,62 300 000 ₸,4,5,2016,Хорошее
APT-0035,2026-09-09,"Учебная улица 1, дом 3, кв. 5",Есиль,Учебный ЖК 1-1,3,66.5,27100000,5,9,1981,Требует ремонта
APT-0133,2026-08-28,"Учебная улица 1, дом 9, кв. 13",Есиль,,1,28.5,19400000,7,12,2020,Евроремонт
APT-0414,2026-07-17,"Учебная улица 4, дом 28, кв. 9",Сарыарка,Учебный ЖК 4-1,2,72.5,20300000,7,9,1987,Требует ремонта
APT-0247,2026-07-08,"Учебная улица 5, дом 17, кв. 7",Байконыр,,2,56.7 м²,19 000 000 ₸,9,9,1994,
APT-0015,2026-09-20,"Учебная улица 6, дом 1, кв. 15",Сарайшық,Учебный ЖК 6-3,3,83.2,40200000,4,18,1986,Евроремонт
APT-0356,2026-08-15,"Учебная улица 1, дом 24, кв. 11",Есиль,Учебный ЖК 1-3,4,109.7,74100000,1,12,2024,Евроремонт
APT-0236,2026-09-09,"Учебная улица 5, дом 16, кв. 11",Байконыр,Учебный ЖК 5-3,2,54.9,22800000,2,12,2020,Евроремонт
APT-0235,2026-09-15,"Учебная улица 4, дом 16, кв. 10",Сарыарка,Учебный ЖК 4-1,3,77.5,35300000,7,16,2010,Евроремонт
APT-0424,2026-09-18,"Учебная улица 1, дом 29, кв. 4",Есиль,Учебный ЖК 1-2,3,86.0 м²,57300000,6,22,2017,Хорошее
APT-0125,2026-07-12,"Учебная улица 5, дом 9, кв. 5",Байконыр,,4,106.3,51100000,2,9,1992,Евроремонт
APT-0448,2026-08-15,"Учебная улица 6, дом 30, кв. 13",Сарайшық,Учебный ЖК 6-2,2,59.7,24 400 000 ₸,10,22,1978,Без отделки
APT-0289,2026-07-19,"Учебная улица 6, дом 20, кв. 4",Сарайшық,,2,59.0,26400000,7,12,1981,Евроремонт
APT-0194,2026-09-09,"Учебная улица 2, дом 13, кв. 14",Нура,,1,34.0,17900000,3,5,,Хорошее
APT-0227,2026-08-07,"Учебная улица 4, дом 16, кв. 2",Сарыарка,Учебный ЖК 4-1,4,116.1,55800000,6,16,2000,Евроремонт
APT-0129,2026-08-23,"Учебная улица 2, дом 9, кв. 9",Нура,Учебный ЖК 2-3,1,37.5,16200000,2,5,1995,
APT-0437,2026-07-06,"Учебная улица 1, дом 30, кв. 2",Есиль,Учебный ЖК 1-1,3,85.3,53800000,9,12,2015,Хорошее
APT-0276,2026-07-18,"Учебная улица 1, дом 19, кв. 6",Есиль,Учебный ЖК 1-2,3,85.2,43800000,9,9,2010,Без отделки
APT-0485,2026-09-20,"Учебная улица 6, дом 1, кв. 15",Сарайшық,Учебный ЖК 6-3,3,83.2,40200000,4,18,1986,Евроремонт
APT-0263,2026-09-18,"Учебная улица 3, дом 18, кв. 8",Алматы,,1,40.6,15700000,1,5,1986,Хорошее
APT-0060,2026-08-08,"Учебная улица 6, дом 4, кв. 15",Сарайшық,Учебный ЖК 6-2,1,39.2,21700000,13,18,2023,Хорошее
APT-0175,2026-09-07,"Учебная улица 1, дом 12, кв. 10",Есиль,Учебный ЖК 1-1,1,23.5,15400000,1,5,2004,Евроремонт
APT-0151,2026-09-04,"Учебная улица 4, дом 11, кв. 1",Сарыарка,Учебный ЖК 4-1,3,83.9,29800000,2,9,2024,Хорошее
APT-0258,2026-09-21,"Учебная улица 5, дом 18, кв. 3",Байконыр,Учебный ЖК 5-3,3,80.0 м²,37000000,5,12,2018,Евроремонт
APT-0038,2026-09-27,"Учебная улица 3, дом 3, кв. 8",Алматы,Учебный ЖК 3-1,1,34.6,13300000,14,18,2003,Хорошее
APT-0348,2026-07-18,"Учебная улица 4, дом 24, кв. 3",Сарыарка,Учебный ЖК 4-1,3,63.6 м²,22000000,18,22,2010,Без отделки
APT-0475,2026-09-19,"Учебная улица 4, дом 32, кв. 10",Сарыарка,Учебный ЖК 4-1,2,64.9,23300000,9,9,1992,Без отделки
APT-0260,2026-09-19,"Учебная улица 1, дом 18, кв. 5",Есиль,Учебный ЖК 1-1,2,52.6,31900000,2,22,1979,Евроремонт
APT-0209,2026-09-17,"Учебная улица 2, дом 14, кв. 14",Нура,Учебный ЖК 2-1,2,58.1,36600000,9,18,2003,Евроремонт
APT-0388,2026-09-28,"Учебная улица 1, дом 26, кв. 13",Есиль,Учебный ЖК 1-3,2,64.6,35300000,5,12,2025,Без отделки
APT-0469,2026-08-02,"Учебная улица 6, дом 32, кв. 4",Сарайшық,Учебный ЖК 6-1,3,83.2,33500000,5,18,2016,Без отделки
APT-0413,2026-07-18,"Учебная улица 1, дом 28, кв. 8",Есиль,Учебный ЖК 1-2,2,56.7,35500000,11,18,2013,Хорошее
APT-0295,2026-09-14,"Учебная улица 2, дом 20, кв. 10",Нура,Учебный ЖК 2-1,2,61.3,35 300 000 ₸,11,16,2017,Хорошее
APT-0207,2026-07-14,"Учебная улица 5, дом 14, кв. 12",Байконыр,Учебный ЖК 5-2,2,68.9,22100000,16,22,2016,Без отделки
APT-0233,2026-09-29,"Учебная улица 3, дом 16, кв. 8",Алматы,,3,83.0,32600000,10,16,,Без отделки
APT-0379,2026-08-23,"Учебная улица 3, дом 26, кв. 4",Алматы,Учебный ЖК 3-3,3,72.5,37200000,2,18,1989,Евроремонт
APT-0311,2026-07-28,"Учебная улица 1, дом 21, кв. 11",Есиль,,3,72.6 м²,47300000,5,5,1997,Хорошее
APT-0116,2026-08-16,"Учебная улица 3, дом 8, кв. 11",Алматы,Учебный ЖК 3-3,3,77.4,40100000,3,9,1986,Евроремонт
APT-0418,2026-07-14,"Учебная улица 6, дом 28, кв. 13",Сарайшық,Учебный ЖК 6-3,1,40.3,17300000,10,12,2008,Хорошее
APT-0178,2026-07-03,"Учебная улица 1, дом 12, кв. 13",Есиль,Учебный ЖК 1-2,2,57.1,34900000,4,5,2005,Евроремонт
APT-0179,2026-08-13,"Учебная улица 1, дом 12, кв. 14",Есиль,Учебный ЖК 1-3,2,58.8,30800000,11,18,2024,Без отделки
APT-0299,2026-09-01,"Учебная улица 5, дом 20, кв. 14",Байконыр,,1,34.8,17700000,2,18,2003,Евроремонт
APT-0450,2026-08-10,"Учебная улица 6, дом 30, кв. 15",Сарайшық,,3,74.8 м²,44500000,14,16,1999,Евроремонт
APT-0490,2026-07-03,"Учебная улица 3, дом 2, кв. 5",Алматы,Учебный ЖК 3-3,2,47.2 м²,16300000,4,16,2008,Без отделки
APT-0422,2026-08-03,"Учебная улица 6, дом 29, кв. 2",Сарайшық,Учебный ЖК 6-2,3,68.6,35900000,8,22,1991,Хорошее
APT-0423,2026-07-13,"Учебная улица 1, дом 29, кв. 3",Есиль,Учебный ЖК 1-1,1,37.0,22600000,11,12,1993,Хорошее
APT-0036,2026-08-03,"Учебная улица 3, дом 3, кв. 6",Алматы,,2,53.8,21100000,11,22,1988,Без отделки
APT-0008,2026-09-20,"Учебная улица 6, дом 1, кв. 8",Сарайшық,Учебный ЖК 6-3,1,31.9,14600000,3,9,2021,Хорошее
APT-0481,2026-07-29,"Учебная улица 3, дом 1, кв. 11",Алматы,Учебный ЖК 3-1,1,35.7,17400000,14,18,2022,Евроремонт
APT-0103,2026-07-02,"Учебная улица 4, дом 7, кв. 13",Сарыарка,Учебный ЖК 4-3,4,122.6,42300000,4,5,1996,Требует ремонта
APT-0301,2026-07-22,"Учебная улица 4, дом 21, кв. 1",Сарыарка,Учебный ЖК 4-2,1,22.9,7700000,1,12,,Без отделки
APT-0208,2026-09-11,"Учебная улица 2, дом 14, кв. 13",Нура,,4,110.9,60700000,7,12,2021,
APT-0203,2026-09-10,"Учебная улица 3, дом 14, кв. 8",Алматы,Учебный ЖК 3-1,2,55.1,21400000,7,12,2021,Без отделки
APT-0343,2026-08-20,"Учебная улица 1, дом 23, кв. 13",Есиль,Учебный ЖК 1-3,2,70.9,33900000,5,9,1983,Без отделки
APT-0181,2026-09-08,"Учебная улица 4, дом 13, кв. 1",Сарыарка,Учебный ЖК 4-2,1,40.2,16600000,5,12,1977,
APT-0205,2026-09-04,"Учебная улица 5, дом 14, кв. 10",Байконыр,Учебный ЖК 5-2,2,76.8,24800000,11,18,1995,Без отделки
APT-0462,2026-08-12,"Учебная улица 4, дом 31, кв. 12",Сарыарка,Учебный ЖК 4-1,3,94.9 м²,30700000,22,22,1979,Без отделки
APT-0045,2026-08-10,"Учебная улица 1, дом 3, кв. 15",Есиль,Учебный ЖК 1-2,1,40.9,22300000,1,5,1991,Хорошее
APT-0081,2026-08-31,"Учебная улица 1, дом 6, кв. 6",Есиль,,3,76.0,46200000,3,12,2003,Евроремонт
APT-0001,2026-07-12,"Учебная улица 6, дом 1, кв. 1",Сарайшық,Учебный ЖК 6-3,1,35.7 м²,18000000,4,22,1983,Хорошее
APT-0394,2026-07-21,"Учебная улица 3, дом 27, кв. 4",Алматы,Учебный ЖК 3-3,2,61.4,22 600 000 ₸,3,22,1991,Без отделки
APT-0123,2026-08-05,"Учебная улица 4, дом 9, кв. 3",Сарыарка,Учебный ЖК 4-1,2,57.6,25400000,4,5,2016,Хорошее
APT-0185,2026-09-27,"Учебная улица 5, дом 13, кв. 5",Байконыр,Учебный ЖК 5-2,2,65.7,25400000,8,12,,Хорошее
APT-0019,2026-09-24,"Учебная улица 3, дом 2, кв. 4",Алматы,Учебный ЖК 3-3,2,43.8,20900000,7,22,2009,Евроремонт
APT-0346,2026-07-06,"Учебная улица 3, дом 24, кв. 1",Алматы,,3,86.2,42100000,5,9,1980,Евроремонт
APT-0087,2026-08-04,"Учебная улица 3, дом 6, кв. 12",Алматы,Учебный ЖК 3-1,3,75.7,33000000,4,16,1987,Хорошее
APT-0395,2026-09-26,"Учебная улица 2, дом 27, кв. 5",Нура,Учебный ЖК 2-1,3,76.8,45000000,14,22,1992,Хорошее
APT-0119,2026-08-18,"Учебная улица 1, дом 8, кв. 14",Есиль,Учебный ЖК 1-3,3,93.9,57400000,11,12,2004,Евроремонт
APT-0358,2026-09-28,"Учебная улица 3, дом 24, кв. 13",Алматы,Учебный ЖК 3-2,4,114.9,52 100 000 ₸,4,9,1986,Хорошее
APT-0265,2026-09-09,"Учебная улица 6, дом 18, кв. 10",Сарайшық,,1,29.7,11400000,2,22,2016,
APT-0262,2026-08-05,"Учебная улица 4, дом 18, кв. 7",Сарыарка,,1,36.5,11700000,14,18,2009,Требует ремонта
APT-0489,2026-09-24,"Учебная улица 3, дом 2, кв. 4",Алматы,Учебный ЖК 3-3,2,43.8,20900000,7,22,2009,Евроремонт
APT-0018,2026-09-09,"Учебная улица 6, дом 2, кв. 3",Сарайшық,Учебный ЖК 6-1,2,64.9,26100000,5,18,1979,Без отделки
APT-0100,2026-08-31,"Учебная улица 6, дом 7, кв. 10",Сарайшық,Учебный ЖК 6-2,2,62.3,33100000,16,18,2012,Евроремонт
APT-0392,2026-08-29,"Учебная улица 2, дом 27, кв. 2",Нура,Учебный ЖК 2-3,1,28.1,12600000,12,12,1978,Без отделки
APT-0266,2026-08-12,"Учебная улица 1, дом 18, кв. 11",Есиль,Учебный ЖК 1-3,3,69.8,41200000,2,9,2019,Хорошее
APT-0337,2026-09-11,"Учебная улица 4, дом 23, кв. 7",Сарыарка,Учебный ЖК 4-2,3,85.0,23300000,15,18,1980,Требует ремонта
APT-0104,2026-08-13,"Учебная улица 2, дом 7, кв. 14",Нура,Учебный ЖК 2-3,2,74.8 м²,47200000,2,9,2016,Хорошее
APT-0006,2026-07-13,"Учебная улица 6, дом 1, кв. 6",Сарайшық,Учебный ЖК 6-2,1,34.7,20800000,5,9,2017,Евроремонт
APT-0225,2026-08-06,"Учебная улица 1, дом 15, кв. 15",Есиль,Учебный ЖК 1-2,3,97.4,50200000,16,16,1985,Хорошее
APT-0254,2026-08-11,"Учебная улица 4, дом 17, кв. 14",Сарыарка,Учебный ЖК 4-2,4,110.1,40300000,7,18,2019,Хорошее
APT-0328,2026-08-25,"Учебная улица 3, дом 22, кв. 13",Алматы,Учебный ЖК 3-3,2,55.7,23400000,22,22,2015,Хорошее
APT-0090,2026-09-12,"Учебная улица 6, дом 6, кв. 15",Сарайшық,Учебный ЖК 6-3,2,67.7,29500000,1,5,,Без отделки
APT-0030,2026-09-13,"Учебная улица 5, дом 2, кв. 15",Байконыр,Учебный ЖК 5-3,1,33.3,14900000,4,16,1990,Евроремонт
APT-0306,2026-08-07,"Учебная улица 5, дом 21, кв. 6",Байконыр,,2,70.2,28200000,18,18,1992,Без отделки
APT-0365,2026-09-28,"Учебная улица 6, дом 25, кв. 5",Сарайшық,Учебный ЖК 6-3,2,63.1,23800000,3,12,2019,Без отделки
APT-0147,2026-08-15,"Учебная улица 1, дом 10, кв. 12",Есиль,Учебный ЖК 1-1,1,35.9,22700000,8,18,1999,Хорошее
APT-0005,2026-09-12,"Учебная улица 4, дом 1, кв. 5",Сарыарка,Учебный ЖК 4-1,2,67.7,28900000,11,12,2010,Хорошее
APT-0002,2026-07-26,"Учебная улица 4, дом 1, кв. 2",Сарыарка,Учебный ЖК 4-3,1,30.0,9500000,4,9,1980,Хорошее
APT-0421,2026-09-04,"Учебная улица 2, дом 29, кв. 1",Нура,,1,27.8,12200000,16,22,2011,Без отделки
APT-0426,2026-07-21,"Учебная улица 6, дом 29, кв. 6",Сарайшық,,4,103.3,41300000,2,5,1985,Хорошее
APT-0197,2026-07-21,"Учебная улица 6, дом 14, кв. 2",Сарайшық,Учебный ЖК 6-2,2,60.5,27300000,1,5,2007,Хорошее
APT-0371,2026-07-12,"Учебная улица 1, дом 25, кв. 11",Есиль,,2,63.0,40200000,6,16,1985,Евроремонт
APT-0020,2026-07-03,"Учебная улица 3, дом 2, кв. 5",Алматы,Учебный ЖК 3-3,2,47.2 м²,16300000,4,16,2008,Без отделки
APT-0312,2026-09-01,"Учебная улица 3, дом 21, кв. 12",Алматы,Учебный ЖК 3-2,2,63.1,27200000,9,12,1993,Хорошее
APT-0041,2026-08-22,"Учебная улица 6, дом 3, кв. 11",Сарайшық,Учебный ЖК 6-3,1,50.5,23200000,1,16,1986,Без отделки
APT-0451,2026-09-21,"Учебная улица 1, дом 31, кв. 1",Есиль,Учебный ЖК 1-2,1,35.9,25800000,8,16,2024,Евроремонт
APT-0114,2026-09-23,"Учебная улица 3, дом 8, кв. 9",Алматы,Учебный ЖК 3-3,1,22,9800000,9,18,1987,Хорошее
APT-0135,2026-08-10,"Учебная улица 2, дом 9, кв. 15",Нура,Учебный ЖК 2-3,2,66.3,38300000,14,16,,Евроремонт
APT-0033,2026-07-09,"Учебная улица 4, дом 3, кв. 3",Сарыарка,Учебный ЖК 4-1,3,80.6,31500000,9,9,2009,Без отделки
APT-0046,2026-07-01,"Учебная улица 5, дом 4, кв. 1",Байконыр,Учебный ЖК 5-3,5,131.1,48200000,7,16,1982,Без отделки
APT-0223,2026-09-14,"Учебная улица 4, дом 15, кв. 13",Сарыарка,Учебный ЖК 4-1,1,39.0,14000000,9,22,2010,Без отделки
APT-0308,2026-09-25,"Учебная улица 6, дом 21, кв. 8",Сарайшық,,1,22 м²,12200000,3,9,1983,Евроремонт
APT-0242,2026-07-17,"Учебная улица 2, дом 17, кв. 2",Нура,,3,96.1,56000000,2,5,1997,Евроремонт
APT-0075,2026-09-01,"Учебная улица 1, дом 5, кв. 15",Есиль,Учебный ЖК 1-2,2,62.2,37600000,8,16,2001,Хорошее
APT-0047,2026-08-12,"Учебная улица 5, дом 4, кв. 2",Байконыр,Учебный ЖК 5-3,3,96.2,32100000,7,12,1987,Требует ремонта
APT-0479,2026-08-15,"Учебная улица 5, дом 32, кв. 14",Байконыр,Учебный ЖК 5-1,3,84.2,36400000,3,9,1985,Евроремонт
APT-0483,2026-07-15,"Учебная улица 5, дом 1, кв. 13",Байконыр,Учебный ЖК 5-3,1,22,8600000,9,12,2008,Евроремонт
APT-0326,2026-08-21,"Учебная улица 4, дом 22, кв. 11",Сарыарка,Учебный ЖК 4-1,2,64.3,27600000,17,22,2015,Евроремонт
APT-0200,2026-08-03,"Учебная улица 5, дом 14, кв. 5",Байконыр,Учебный ЖК 5-3,1,33.7,15500000,1,5,1976,Евроремонт
APT-0430,2026-08-14,"Учебная улица 5, дом 29, кв. 10",Байконыр,Учебный ЖК 5-3,3,71.7,27400000,4,5,2014,Хорошее
APT-0027,2026-08-28,"Учебная улица 4, дом 2, кв. 12",Сарыарка,Учебный ЖК 4-2,2,71.4,27500000,1,16,1985,Евроремонт
APT-0442,2026-09-27,"Учебная улица 6, дом 30, кв. 7",Сарайшық,Учебный ЖК 6-1,2,61.0,29200000,13,18,1995,Хорошее
APT-0351,2026-08-24,"Учебная улица 3, дом 24, кв. 6",Алматы,Учебный ЖК 3-1,1,38.4 м²,16300000,13,16,2011,Хорошее
APT-0357,2026-09-12,"Учебная улица 2, дом 24, кв. 12",Нура,Учебный ЖК 2-2,4,117.5,78 700 000 ₸,2,18,1992,Евроремонт
APT-0315,2026-09-28,"Учебная улица 6, дом 21, кв. 15",Сарайшық,Учебный ЖК 6-1,2,70.3 м²,32200000,1,9,2016,Хорошее
APT-0282,2026-09-29,"Учебная улица 5, дом 19, кв. 12",Байконыр,Учебный ЖК 5-1,1,36.6,13000000,9,9,2009,Требует ремонта
APT-0411,2026-08-01,"Учебная улица 2, дом 28, кв. 6",Нура,Учебный ЖК 2-1,3,100.1,39 900 000 ₸,7,18,2023,Требует ремонта
APT-0174,2026-07-31,"Учебная улица 3, дом 12, кв. 9",Алматы,Учебный ЖК 3-2,1,25.2,11300000,17,18,1984,Хорошее
APT-0403,2026-08-03,"Учебная улица 6, дом 27, кв. 13",Сарайшық,Учебный ЖК 6-3,2,58.5,25400000,6,18,2017,Без отделки
APT-0206,2026-07-31,"Учебная улица 4, дом 14, кв. 11",Сарыарка,Учебный ЖК 4-1,3,80.0,34500000,1,5,2006,Евроремонт
APT-0261,2026-08-31,"Учебная улица 1, дом 18, кв. 6",Есиль,Учебный ЖК 1-3,3,93.5,60600000,5,5,1998,Хорошее
APT-0110,2026-08-14,"Учебная улица 6, дом 8, кв. 5",Сарайшық,Учебный ЖК 6-3,1,27.9,11600000,11,12,2004,Хорошее
APT-0052,2026-08-30,"Учебная улица 2, дом 4, кв. 7",Нура,Учебный ЖК 2-3,3,80.7,32500000,3,9,1989,Требует ремонта
APT-0083,2026-08-26,"Учебная улица 2, дом 6, кв. 8",Нура,,1,37.0,22700000,8,18,2025,Евроремонт
APT-0359,2026-09-02,"Учебная улица 5, дом 24, кв. 14",Байконыр,Учебный ЖК 5-3,1,30.1,15000000,4,9,2011,Евроремонт
APT-0401,2026-07-05,"Учебная улица 6, дом 27, кв. 11",Сарайшық,Учебный ЖК 6-3,2,61.2,31700000,5,12,2006,Евроремонт
APT-0229,2026-09-21,"Учебная улица 4, дом 16, кв. 4",Сарыарка,Учебный ЖК 4-2,4,114.3,45500000,2,9,1992,Хорошее
APT-0118,2026-09-10,"Учебная улица 2, дом 8, кв. 13",Нура,,3,78.6,52 600 000 ₸,22,22,1989,Евроремонт
APT-0383,2026-09-05,"Учебная улица 3, дом 26, кв. 8",Алматы,Учебный ЖК 3-2,2,57.9,26300000,13,16,1980,Хорошее
APT-0006,2026-07-13,"Учебная улица 6, дом 1, кв. 6",Сарайшық,Учебный ЖК 6-2,1,34.7,20800000,5,9,2017,Евроремонт
APT-0338,2026-07-26,"Учебная улица 6, дом 23, кв. 8",Сарайшық,,3,77.2 м²,46700000,10,12,2004,Евроремонт
APT-0468,2026-08-09,"Учебная улица 2, дом 32, кв. 3",Нура,Учебный ЖК 2-1,1,45.5,26300000,13,18,1975,Хорошее
APT-0071,2026-09-22,"Учебная улица 1, дом 5, кв. 11",Есиль,Учебный ЖК 1-2,2,49.1,30600000,5,22,2004,Хорошее
APT-0377,2026-08-29,"Учебная улица 1, дом 26, кв. 2",Есиль,Учебный ЖК 1-2,3,78.1,42200000,3,12,1999,Хорошее
APT-0460,2026-09-07,"Учебная улица 6, дом 31, кв. 10",Сарайшық,Учебный ЖК 6-3,1,34.4 м²,16600000,1,5,2007,
APT-0362,2026-07-10,"Учебная улица 1, дом 25, кв. 2",Есиль,Учебный ЖК 1-2,1,26.5,19700000,2,9,2020,Евроремонт
APT-0397,2026-09-05,"Учебная улица 6, дом 27, кв. 7",Сарайшық,Учебный ЖК 6-3,3,77.1 м²,30600000,9,16,1997,Без отделки
APT-0177,2026-09-03,"Учебная улица 5, дом 12, кв. 12",Байконыр,Учебный ЖК 5-3,2,58.3,25100000,5,5,1998,
APT-0008,2026-09-20,"Учебная улица 6, дом 1, кв. 8",Сарайшық,Учебный ЖК 6-3,1,31.9,14600000,3,9,2021,Хорошее
APT-0158,2026-08-13,"Учебная улица 3, дом 11, кв. 8",Алматы,Учебный ЖК 3-3,2,62.4,29600000,1,9,2007,Хорошее
APT-0470,2026-08-07,"Учебная улица 1, дом 32, кв. 5",Есиль,Учебный ЖК 1-3,1,30.5,18300000,5,5,,Хорошее
APT-0453,2026-09-13,"Учебная улица 2, дом 31, кв. 3",Нура,Учебный ЖК 2-2,4,107.6,49700000,9,16,1977,Хорошее
APT-0285,2026-09-15,"Учебная улица 5, дом 19, кв. 15",Байконыр,Учебный ЖК 5-3,2,70.8,35100000,3,5,2009,Евроремонт
APT-0287,2026-09-04,"Учебная улица 6, дом 20, кв. 2",Сарайшық,Учебный ЖК 6-3,3,73.2,27600000,4,16,2025,Требует ремонта
APT-0190,2026-09-10,"Учебная улица 3, дом 13, кв. 10",Алматы,Учебный ЖК 3-1,1,33.6,13 500 000 ₸,2,5,1982,Хорошее
APT-0092,2026-09-24,"Учебная улица 5, дом 7, кв. 2",Байконыр,Учебный ЖК 5-1,2,54.4,21000000,4,5,2006,Хорошее
APT-0248,2026-08-14,"Учебная улица 5, дом 17, кв. 8",Байконыр,Учебный ЖК 5-3,3,77.8,30200000,22,22,1986,Хорошее
APT-0286,2026-07-06,"Учебная улица 1, дом 20, кв. 1",Есиль,Учебный ЖК 1-3,1,30.1,17800000,22,22,1990,Хорошее
APT-0402,2026-09-20,"Учебная улица 6, дом 27, кв. 12",Сарайшық,Учебный ЖК 6-2,5,133.4 м²,72000000,12,12,1987,Евроремонт
APT-0283,2026-08-02,"Учебная улица 4, дом 19, кв. 13",Сарыарка,Учебный ЖК 4-3,3,85.5,29000000,16,16,2025,Без отделки
APT-0212,2026-08-08,"Учебная улица 5, дом 15, кв. 2",Байконыр,Учебный ЖК 5-3,1,36.0,15300000,3,12,2014,Хорошее
APT-0105,2026-09-01,"Учебная улица 6, дом 7, кв. 15",Сарайшық,Учебный ЖК 6-3,2,66.3,37400000,13,18,2018,Евроремонт
APT-0387,2026-08-04,"Учебная улица 5, дом 26, кв. 12",Байконыр,Учебный ЖК 5-2,3,77.5,25000000,8,22,1996,Требует ремонта
APT-0204,2026-08-07,"Учебная улица 3, дом 14, кв. 9",Алматы,Учебный ЖК 3-2,1,47.8,15800000,8,12,1982,Без отделки
APT-0349,2026-07-11,"Учебная улица 1, дом 24, кв. 4",Есиль,Учебный ЖК 1-3,1,37.1,23500000,12,16,1987,Хорошее
APT-0142,2026-08-23,"Учебная улица 1, дом 10, кв. 7",Есиль,Учебный ЖК 1-2,1,29.4,18100000,1,5,2015,Евроремонт
APT-0314,2026-08-05,"Учебная улица 4, дом 21, кв. 14",Сарыарка,Учебный ЖК 4-1,1,39.2,15600000,5,9,2019,Без отделки
APT-0188,2026-07-05,"Учебная улица 2, дом 13, кв. 8",Нура,Учебный ЖК 2-3,1,46.9,29900000,12,22,,Хорошее
APT-0290,2026-08-26,"Учебная улица 3, дом 20, кв. 5",Алматы,Учебный ЖК 3-3,2,61.5,27600000,9,9,2025,Хорошее
APT-0217,2026-09-10,"Учебная улица 6, дом 15, кв. 7",Сарайшық,Учебный ЖК 6-2,1,25.0,13400000,2,22,2005,Евроремонт
APT-0275,2026-08-22,"Учебная улица 5, дом 19, кв. 5",Байконыр,Учебный ЖК 5-2,2,67.4,25000000,11,18,1980,Евроремонт
APT-0438,2026-07-25,"Учебная улица 4, дом 30, кв. 3",Сарыарка,Учебный ЖК 4-1,1,43.2,14400000,14,22,2020,Требует ремонта
APT-0134,2026-09-09,"Учебная улица 5, дом 9, кв. 14",Байконыр,Учебный ЖК 5-3,2,52.5,25700000,4,22,2025,Евроремонт
APT-0130,2026-09-03,"Учебная улица 1, дом 9, кв. 10",Есиль,Учебный ЖК 1-1,3,78.3,40800000,12,16,2005,Хорошее
APT-0300,2026-09-29,"Учебная улица 2, дом 20, кв. 15",Нура,Учебный ЖК 2-2,3,89.0,48900000,16,18,2010,Хорошее
APT-0334,2026-07-05,"Учебная улица 2, дом 23, кв. 4",Нура,Учебный ЖК 2-3,1,47.5,26000000,5,16,1998,Без отделки
APT-0219,2026-08-05,"Учебная улица 6, дом 15, кв. 9",Сарайшық,Учебный ЖК 6-3,3,81.9,45100000,10,12,2019,Хорошее
APT-0080,2026-09-20,"Учебная улица 5, дом 6, кв. 5",Байконыр,Учебный ЖК 5-2,1,35.0,13500000,5,5,1977,Без отделки
APT-0055,2026-09-15,"Учебная улица 4, дом 4, кв. 10",Сарыарка,Учебный ЖК 4-2,1,36.1,15700000,8,9,2004,Хорошее
APT-0186,2026-07-08,"Учебная улица 3, дом 13, кв. 6",Алматы,,2,64.3,30200000,10,12,2021,Евроремонт
APT-0486,2026-07-01,"Учебная улица 5, дом 2, кв. 1",Байконыр,Учебный ЖК 5-3,1,45.4,22700000,9,9,1998,Евроремонт
APT-0162,2026-08-12,"Учебная улица 6, дом 11, кв. 12",Сарайшық,Учебный ЖК 6-1,3,72.5,32900000,2,9,2000,Хорошее
APT-0412,2026-07-22,"Учебная улица 6, дом 28, кв. 7",Сарайшық,Учебный ЖК 6-1,3,78.8,37 500 000 ₸,2,9,1994,Хорошее
APT-0353,2026-08-23,"Учебная улица 5, дом 24, кв. 8",Байконыр,Учебный ЖК 5-1,1,33.7,10900000,2,16,2010,Требует ремонта
APT-0106,2026-07-12,"Учебная улица 1, дом 8, кв. 1",Есиль,Учебный ЖК 1-2,3,87.5,63500000,22,22,1990,Евроремонт
APT-0336,2026-08-21,"Учебная улица 5, дом 23, кв. 6",Байконыр,Учебный ЖК 5-1,3,87.4,42500000,4,9,1978,Евроремонт
APT-0193,2026-07-16,"Учебная улица 3, дом 13, кв. 13",Алматы,Учебный ЖК 3-1,3,77.7,37100000,3,9,,
APT-0009,2026-07-09,"Учебная улица 5, дом 1, кв. 9",Байконыр,Учебный ЖК 5-1,1,29.8 м²,12400000,1,9,1978,Евроремонт
APT-0267,2026-09-26,"Учебная улица 1, дом 18, кв. 12",Есиль,Учебный ЖК 1-2,4,113.1,68600000,16,18,,Без отделки
APT-0061,2026-08-19,"Учебная улица 4, дом 5, кв. 1",Сарыарка,,2,58.6 м²,19500000,8,16,1989,Без отделки
APT-0268,2026-07-19,"Учебная улица 5, дом 18, кв. 13",Байконыр,Учебный ЖК 5-3,2,57.2 м²,16 400 000 ₸,6,9,1977,Требует ремонта
APT-0296,2026-08-08,"Учебная улица 3, дом 20, кв. 11",Алматы,Учебный ЖК 3-3,2,63.7,32700000,6,18,2004,Евроремонт
APT-0004,2026-07-06,"Учебная улица 3, дом 1, кв. 4",Алматы,Учебный ЖК 3-3,1,40.2,19900000,3,5,1999,
APT-0405,2026-09-20,"Учебная улица 3, дом 27, кв. 15",Алматы,Учебный ЖК 3-3,2,65.8,32 200 000 ₸,8,12,2012,Евроремонт
APT-0381,2026-07-22,"Учебная улица 5, дом 26, кв. 6",Байконыр,Учебный ЖК 5-1,2,49.6,22500000,2,9,2014,Евроремонт
APT-0364,2026-08-15,"Учебная улица 4, дом 25, кв. 4",Сарыарка,Учебный ЖК 4-1,3,86.3,35700000,18,22,1986,Хорошее
APT-0003,2026-07-20,"Учебная улица 6, дом 1, кв. 3",Сарайшық,Учебный ЖК 6-1,3,76.4,33800000,2,5,1992,Хорошее
APT-0097,2026-09-04,"Учебная улица 4, дом 7, кв. 7",Сарыарка,Учебный ЖК 4-3,1,53.7,21800000,2,5,2004,Хорошее
APT-0132,2026-09-16,"Учебная улица 4, дом 9, кв. 12",Сарыарка,Учебный ЖК 4-1,3,68.3,19000000,15,22,2006,Требует ремонта
APT-0210,2026-07-19,"Учебная улица 2, дом 14, кв. 15",Нура,Учебный ЖК 2-1,4,115.7,60100000,6,12,2000,Хорошее
APT-0279,2026-09-15,"Учебная улица 3, дом 19, кв. 9",Алматы,Учебный ЖК 3-1,3,72.4,38600000,7,12,,Евроремонт
APT-0449,2026-09-28,"Учебная улица 1, дом 30, кв. 14",Есиль,Учебный ЖК 1-2,3,79.4,41700000,21,22,1989,Хорошее
APT-0307,2026-07-08,"Учебная улица 5, дом 21, кв. 7",Байконыр,,2,74.6,37400000,2,5,2018,Евроремонт
APT-0146,2026-08-07,"Учебная улица 5, дом 10, кв. 11",Байконыр,,1,38.8,18200000,4,12,1988,Евроремонт
